frechet_distance,reference_params,comparison_params,data_dim,feature_dim,dataset_size
11.061279,"{'lambda_lines_2d': 10, 'lambda_points_line_2d': 20, 'lambda_clutter': 50}","{'lambda_lines_2d': 10, 'lambda_points_line_2d': 20, 'lambda_clutter': 50}",16384,2,256
4.1343994,"{'lambda_lines_2d': 10, 'lambda_points_line_2d': 20, 'lambda_clutter': 50}","{'lambda_lines_2d': 10, 'lambda_points_line_2d': 20, 'lambda_clutter': 50}",16384,2,512
0.4071045,"{'lambda_lines_2d': 10, 'lambda_points_line_2d': 20, 'lambda_clutter': 50}","{'lambda_lines_2d': 10, 'lambda_points_line_2d': 20, 'lambda_clutter': 50}",16384,2,1024
0.5522461,"{'lambda_lines_2d': 10, 'lambda_points_line_2d': 20, 'lambda_clutter': 50}","{'lambda_lines_2d': 10, 'lambda_points_line_2d': 20, 'lambda_clutter': 50}",16384,2,2048
0.026489258,"{'lambda_lines_2d': 10, 'lambda_points_line_2d': 20, 'lambda_clutter': 50}","{'lambda_lines_2d': 10, 'lambda_points_line_2d': 20, 'lambda_clutter': 50}",16384,2,4096
0.088134766,"{'lambda_lines_2d': 10, 'lambda_points_line_2d': 20, 'lambda_clutter': 50}","{'lambda_lines_2d': 10, 'lambda_points_line_2d': 20, 'lambda_clutter': 50}",16384,2,8192
0.045043945,"{'lambda_lines_2d': 10, 'lambda_points_line_2d': 20, 'lambda_clutter': 50}","{'lambda_lines_2d': 10, 'lambda_points_line_2d': 20, 'lambda_clutter': 50}",16384,2,16384
0.020263672,"{'lambda_lines_2d': 10, 'lambda_points_line_2d': 20, 'lambda_clutter': 50}","{'lambda_lines_2d': 10, 'lambda_points_line_2d': 20, 'lambda_clutter': 50}",16384,2,32768
0.017211914,"{'lambda_lines_2d': 10, 'lambda_points_line_2d': 20, 'lambda_clutter': 50}","{'lambda_lines_2d': 10, 'lambda_points_line_2d': 20, 'lambda_clutter': 50}",16384,2,65536
10.388428,"{'lambda_lines_2d': 10, 'lambda_points_line_2d': 20, 'lambda_clutter': 50}","{'lambda_lines_2d': 10, 'lambda_points_line_2d': 20, 'lambda_clutter': 50}",16384,4,256
8.167725,"{'lambda_lines_2d': 10, 'lambda_points_line_2d': 20, 'lambda_clutter': 50}","{'lambda_lines_2d': 10, 'lambda_points_line_2d': 20, 'lambda_clutter': 50}",16384,4,512
7.5290527,"{'lambda_lines_2d': 10, 'lambda_points_line_2d': 20, 'lambda_clutter': 50}","{'lambda_lines_2d': 10, 'lambda_points_line_2d': 20, 'lambda_clutter': 50}",16384,4,1024
3.4326172,"{'lambda_lines_2d': 10, 'lambda_points_line_2d': 20, 'lambda_clutter': 50}","{'lambda_lines_2d': 10, 'lambda_points_line_2d': 20, 'lambda_clutter': 50}",16384,4,2048
1.9887695,"{'lambda_lines_2d': 10, 'lambda_points_line_2d': 20, 'lambda_clutter': 50}","{'lambda_lines_2d': 10, 'lambda_points_line_2d': 20, 'lambda_clutter': 50}",16384,4,4096
0.654541,"{'lambda_lines_2d': 10, 'lambda_points_line_2d': 20, 'lambda_clutter': 50}","{'lambda_lines_2d': 10, 'lambda_points_line_2d': 20, 'lambda_clutter': 50}",16384,4,8192
0.18041992,"{'lambda_lines_2d': 10, 'lambda_points_line_2d': 20, 'lambda_clutter': 50}","{'lambda_lines_2d': 10, 'lambda_points_line_2d': 20, 'lambda_clutter': 50}",16384,4,16384
0.12646484,"{'lambda_lines_2d': 10, 'lambda_points_line_2d': 20, 'lambda_clutter': 50}","{'lambda_lines_2d': 10, 'lambda_points_line_2d': 20, 'lambda_clutter': 50}",16384,4,32768
0.1340332,"{'lambda_lines_2d': 10, 'lambda_points_line_2d': 20, 'lambda_clutter': 50}","{'lambda_lines_2d': 10, 'lambda_points_line_2d': 20, 'lambda_clutter': 50}",16384,4,65536
87.691895,"{'lambda_lines_2d': 10, 'lambda_points_line_2d': 20, 'lambda_clutter': 50}","{'lambda_lines_2d': 10, 'lambda_points_line_2d': 20, 'lambda_clutter': 50}",16384,8,256
35.413086,"{'lambda_lines_2d': 10, 'lambda_points_line_2d': 20, 'lambda_clutter': 50}","{'lambda_lines_2d': 10, 'lambda_points_line_2d': 20, 'lambda_clutter': 50}",16384,8,512
11.127441,"{'lambda_lines_2d': 10, 'lambda_points_line_2d': 20, 'lambda_clutter': 50}","{'lambda_lines_2d': 10, 'lambda_points_line_2d': 20, 'lambda_clutter': 50}",16384,8,1024
6.65625,"{'lambda_lines_2d': 10, 'lambda_points_line_2d': 20, 'lambda_clutter': 50}","{'lambda_lines_2d': 10, 'lambda_points_line_2d': 20, 'lambda_clutter': 50}",16384,8,2048
3.192871,"{'lambda_lines_2d': 10, 'lambda_points_line_2d': 20, 'lambda_clutter': 50}","{'lambda_lines_2d': 10, 'lambda_points_line_2d': 20, 'lambda_clutter': 50}",16384,8,4096
2.5180664,"{'lambda_lines_2d': 10, 'lambda_points_line_2d': 20, 'lambda_clutter': 50}","{'lambda_lines_2d': 10, 'lambda_points_line_2d': 20, 'lambda_clutter': 50}",16384,8,8192
1.5141602,"{'lambda_lines_2d': 10, 'lambda_points_line_2d': 20, 'lambda_clutter': 50}","{'lambda_lines_2d': 10, 'lambda_points_line_2d': 20, 'lambda_clutter': 50}",16384,8,16384
0.55566406,"{'lambda_lines_2d': 10, 'lambda_points_line_2d': 20, 'lambda_clutter': 50}","{'lambda_lines_2d': 10, 'lambda_points_line_2d': 20, 'lambda_clutter': 50}",16384,8,32768
0.2553711,"{'lambda_lines_2d': 10, 'lambda_points_line_2d': 20, 'lambda_clutter': 50}","{'lambda_lines_2d': 10, 'lambda_points_line_2d': 20, 'lambda_clutter': 50}",16384,8,65536
188.85449,"{'lambda_lines_2d': 10, 'lambda_points_line_2d': 20, 'lambda_clutter': 50}","{'lambda_lines_2d': 10, 'lambda_points_line_2d': 20, 'lambda_clutter': 50}",16384,16,256
97.84863,"{'lambda_lines_2d': 10, 'lambda_points_line_2d': 20, 'lambda_clutter': 50}","{'lambda_lines_2d': 10, 'lambda_points_line_2d': 20, 'lambda_clutter': 50}",16384,16,512
51.73535,"{'lambda_lines_2d': 10, 'lambda_points_line_2d': 20, 'lambda_clutter': 50}","{'lambda_lines_2d': 10, 'lambda_points_line_2d': 20, 'lambda_clutter': 50}",16384,16,1024
29.134766,"{'lambda_lines_2d': 10, 'lambda_points_line_2d': 20, 'lambda_clutter': 50}","{'lambda_lines_2d': 10, 'lambda_points_line_2d': 20, 'lambda_clutter': 50}",16384,16,2048
17.59082,"{'lambda_lines_2d': 10, 'lambda_points_line_2d': 20, 'lambda_clutter': 50}","{'lambda_lines_2d': 10, 'lambda_points_line_2d': 20, 'lambda_clutter': 50}",16384,16,4096
8.744141,"{'lambda_lines_2d': 10, 'lambda_points_line_2d': 20, 'lambda_clutter': 50}","{'lambda_lines_2d': 10, 'lambda_points_line_2d': 20, 'lambda_clutter': 50}",16384,16,8192
3.3408203,"{'lambda_lines_2d': 10, 'lambda_points_line_2d': 20, 'lambda_clutter': 50}","{'lambda_lines_2d': 10, 'lambda_points_line_2d': 20, 'lambda_clutter': 50}",16384,16,16384
2.0517578,"{'lambda_lines_2d': 10, 'lambda_points_line_2d': 20, 'lambda_clutter': 50}","{'lambda_lines_2d': 10, 'lambda_points_line_2d': 20, 'lambda_clutter': 50}",16384,16,32768
0.9189453,"{'lambda_lines_2d': 10, 'lambda_points_line_2d': 20, 'lambda_clutter': 50}","{'lambda_lines_2d': 10, 'lambda_points_line_2d': 20, 'lambda_clutter': 50}",16384,16,65536
777.0879,"{'lambda_lines_2d': 10, 'lambda_points_line_2d': 20, 'lambda_clutter': 50}","{'lambda_lines_2d': 10, 'lambda_points_line_2d': 20, 'lambda_clutter': 50}",16384,32,256
419.1172,"{'lambda_lines_2d': 10, 'lambda_points_line_2d': 20, 'lambda_clutter': 50}","{'lambda_lines_2d': 10, 'lambda_points_line_2d': 20, 'lambda_clutter': 50}",16384,32,512
225.80469,"{'lambda_lines_2d': 10, 'lambda_points_line_2d': 20, 'lambda_clutter': 50}","{'lambda_lines_2d': 10, 'lambda_points_line_2d': 20, 'lambda_clutter': 50}",16384,32,1024
105.79883,"{'lambda_lines_2d': 10, 'lambda_points_line_2d': 20, 'lambda_clutter': 50}","{'lambda_lines_2d': 10, 'lambda_points_line_2d': 20, 'lambda_clutter': 50}",16384,32,2048
54.36133,"{'lambda_lines_2d': 10, 'lambda_points_line_2d': 20, 'lambda_clutter': 50}","{'lambda_lines_2d': 10, 'lambda_points_line_2d': 20, 'lambda_clutter': 50}",16384,32,4096
26.072266,"{'lambda_lines_2d': 10, 'lambda_points_line_2d': 20, 'lambda_clutter': 50}","{'lambda_lines_2d': 10, 'lambda_points_line_2d': 20, 'lambda_clutter': 50}",16384,32,8192
11.703125,"{'lambda_lines_2d': 10, 'lambda_points_line_2d': 20, 'lambda_clutter': 50}","{'lambda_lines_2d': 10, 'lambda_points_line_2d': 20, 'lambda_clutter': 50}",16384,32,16384
6.2910156,"{'lambda_lines_2d': 10, 'lambda_points_line_2d': 20, 'lambda_clutter': 50}","{'lambda_lines_2d': 10, 'lambda_points_line_2d': 20, 'lambda_clutter': 50}",16384,32,32768
2.828125,"{'lambda_lines_2d': 10, 'lambda_points_line_2d': 20, 'lambda_clutter': 50}","{'lambda_lines_2d': 10, 'lambda_points_line_2d': 20, 'lambda_clutter': 50}",16384,32,65536
4.008545,"{'lambda_lines_2d': 10, 'lambda_points_line_2d': 20, 'lambda_clutter': 50}","{'lambda_lines_2d': 10, 'lambda_points_line_2d': 20, 'lambda_clutter': 50}",16384,2,256
2.7486572,"{'lambda_lines_2d': 10, 'lambda_points_line_2d': 20, 'lambda_clutter': 50}","{'lambda_lines_2d': 10, 'lambda_points_line_2d': 20, 'lambda_clutter': 50}",16384,2,512
0.7147217,"{'lambda_lines_2d': 10, 'lambda_points_line_2d': 20, 'lambda_clutter': 50}","{'lambda_lines_2d': 10, 'lambda_points_line_2d': 20, 'lambda_clutter': 50}",16384,2,1024
0.9157715,"{'lambda_lines_2d': 10, 'lambda_points_line_2d': 20, 'lambda_clutter': 50}","{'lambda_lines_2d': 10, 'lambda_points_line_2d': 20, 'lambda_clutter': 50}",16384,2,2048
0.2758789,"{'lambda_lines_2d': 10, 'lambda_points_line_2d': 20, 'lambda_clutter': 50}","{'lambda_lines_2d': 10, 'lambda_points_line_2d': 20, 'lambda_clutter': 50}",16384,2,4096
0.33203125,"{'lambda_lines_2d': 10, 'lambda_points_line_2d': 20, 'lambda_clutter': 50}","{'lambda_lines_2d': 10, 'lambda_points_line_2d': 20, 'lambda_clutter': 50}",16384,2,8192
0.30236816,"{'lambda_lines_2d': 10, 'lambda_points_line_2d': 20, 'lambda_clutter': 50}","{'lambda_lines_2d': 10, 'lambda_points_line_2d': 20, 'lambda_clutter': 50}",16384,2,16384
0.12365723,"{'lambda_lines_2d': 10, 'lambda_points_line_2d': 20, 'lambda_clutter': 50}","{'lambda_lines_2d': 10, 'lambda_points_line_2d': 20, 'lambda_clutter': 50}",16384,2,32768
0.016235352,"{'lambda_lines_2d': 10, 'lambda_points_line_2d': 20, 'lambda_clutter': 50}","{'lambda_lines_2d': 10, 'lambda_points_line_2d': 20, 'lambda_clutter': 50}",16384,2,65536
27.945312,"{'lambda_lines_2d': 10, 'lambda_points_line_2d': 20, 'lambda_clutter': 50}","{'lambda_lines_2d': 10, 'lambda_points_line_2d': 20, 'lambda_clutter': 50}",16384,4,256
10.715088,"{'lambda_lines_2d': 10, 'lambda_points_line_2d': 20, 'lambda_clutter': 50}","{'lambda_lines_2d': 10, 'lambda_points_line_2d': 20, 'lambda_clutter': 50}",16384,4,512
3.0249023,"{'lambda_lines_2d': 10, 'lambda_points_line_2d': 20, 'lambda_clutter': 50}","{'lambda_lines_2d': 10, 'lambda_points_line_2d': 20, 'lambda_clutter': 50}",16384,4,1024
2.1972656,"{'lambda_lines_2d': 10, 'lambda_points_line_2d': 20, 'lambda_clutter': 50}","{'lambda_lines_2d': 10, 'lambda_points_line_2d': 20, 'lambda_clutter': 50}",16384,4,2048
0.8234863,"{'lambda_lines_2d': 10, 'lambda_points_line_2d': 20, 'lambda_clutter': 50}","{'lambda_lines_2d': 10, 'lambda_points_line_2d': 20, 'lambda_clutter': 50}",16384,4,4096
0.77978516,"{'lambda_lines_2d': 10, 'lambda_points_line_2d': 20, 'lambda_clutter': 50}","{'lambda_lines_2d': 10, 'lambda_points_line_2d': 20, 'lambda_clutter': 50}",16384,4,8192
0.3474121,"{'lambda_lines_2d': 10, 'lambda_points_line_2d': 20, 'lambda_clutter': 50}","{'lambda_lines_2d': 10, 'lambda_points_line_2d': 20, 'lambda_clutter': 50}",16384,4,16384
0.171875,"{'lambda_lines_2d': 10, 'lambda_points_line_2d': 20, 'lambda_clutter': 50}","{'lambda_lines_2d': 10, 'lambda_points_line_2d': 20, 'lambda_clutter': 50}",16384,4,32768
0.06738281,"{'lambda_lines_2d': 10, 'lambda_points_line_2d': 20, 'lambda_clutter': 50}","{'lambda_lines_2d': 10, 'lambda_points_line_2d': 20, 'lambda_clutter': 50}",16384,4,65536
107.98779,"{'lambda_lines_2d': 10, 'lambda_points_line_2d': 20, 'lambda_clutter': 50}","{'lambda_lines_2d': 10, 'lambda_points_line_2d': 20, 'lambda_clutter': 50}",16384,8,256
36.851562,"{'lambda_lines_2d': 10, 'lambda_points_line_2d': 20, 'lambda_clutter': 50}","{'lambda_lines_2d': 10, 'lambda_points_line_2d': 20, 'lambda_clutter': 50}",16384,8,512
19.307129,"{'lambda_lines_2d': 10, 'lambda_points_line_2d': 20, 'lambda_clutter': 50}","{'lambda_lines_2d': 10, 'lambda_points_line_2d': 20, 'lambda_clutter': 50}",16384,8,1024
8.081055,"{'lambda_lines_2d': 10, 'lambda_points_line_2d': 20, 'lambda_clutter': 50}","{'lambda_lines_2d': 10, 'lambda_points_line_2d': 20, 'lambda_clutter': 50}",16384,8,2048
4.633301,"{'lambda_lines_2d': 10, 'lambda_points_line_2d': 20, 'lambda_clutter': 50}","{'lambda_lines_2d': 10, 'lambda_points_line_2d': 20, 'lambda_clutter': 50}",16384,8,4096
2.2524414,"{'lambda_lines_2d': 10, 'lambda_points_line_2d': 20, 'lambda_clutter': 50}","{'lambda_lines_2d': 10, 'lambda_points_line_2d': 20, 'lambda_clutter': 50}",16384,8,8192
1.375,"{'lambda_lines_2d': 10, 'lambda_points_line_2d': 20, 'lambda_clutter': 50}","{'lambda_lines_2d': 10, 'lambda_points_line_2d': 20, 'lambda_clutter': 50}",16384,8,16384
0.6479492,"{'lambda_lines_2d': 10, 'lambda_points_line_2d': 20, 'lambda_clutter': 50}","{'lambda_lines_2d': 10, 'lambda_points_line_2d': 20, 'lambda_clutter': 50}",16384,8,32768
0.30664062,"{'lambda_lines_2d': 10, 'lambda_points_line_2d': 20, 'lambda_clutter': 50}","{'lambda_lines_2d': 10, 'lambda_points_line_2d': 20, 'lambda_clutter': 50}",16384,8,65536
255.1914,"{'lambda_lines_2d': 10, 'lambda_points_line_2d': 20, 'lambda_clutter': 50}","{'lambda_lines_2d': 10, 'lambda_points_line_2d': 20, 'lambda_clutter': 50}",16384,16,256
128.1582,"{'lambda_lines_2d': 10, 'lambda_points_line_2d': 20, 'lambda_clutter': 50}","{'lambda_lines_2d': 10, 'lambda_points_line_2d': 20, 'lambda_clutter': 50}",16384,16,512
53.929688,"{'lambda_lines_2d': 10, 'lambda_points_line_2d': 20, 'lambda_clutter': 50}","{'lambda_lines_2d': 10, 'lambda_points_line_2d': 20, 'lambda_clutter': 50}",16384,16,1024
24.557617,"{'lambda_lines_2d': 10, 'lambda_points_line_2d': 20, 'lambda_clutter': 50}","{'lambda_lines_2d': 10, 'lambda_points_line_2d': 20, 'lambda_clutter': 50}",16384,16,2048
11.097656,"{'lambda_lines_2d': 10, 'lambda_points_line_2d': 20, 'lambda_clutter': 50}","{'lambda_lines_2d': 10, 'lambda_points_line_2d': 20, 'lambda_clutter': 50}",16384,16,4096
6.8095703,"{'lambda_lines_2d': 10, 'lambda_points_line_2d': 20, 'lambda_clutter': 50}","{'lambda_lines_2d': 10, 'lambda_points_line_2d': 20, 'lambda_clutter': 50}",16384,16,8192
3.850586,"{'lambda_lines_2d': 10, 'lambda_points_line_2d': 20, 'lambda_clutter': 50}","{'lambda_lines_2d': 10, 'lambda_points_line_2d': 20, 'lambda_clutter': 50}",16384,16,16384
2.1035156,"{'lambda_lines_2d': 10, 'lambda_points_line_2d': 20, 'lambda_clutter': 50}","{'lambda_lines_2d': 10, 'lambda_points_line_2d': 20, 'lambda_clutter': 50}",16384,16,32768
0.87402344,"{'lambda_lines_2d': 10, 'lambda_points_line_2d': 20, 'lambda_clutter': 50}","{'lambda_lines_2d': 10, 'lambda_points_line_2d': 20, 'lambda_clutter': 50}",16384,16,65536
909.71094,"{'lambda_lines_2d': 10, 'lambda_points_line_2d': 20, 'lambda_clutter': 50}","{'lambda_lines_2d': 10, 'lambda_points_line_2d': 20, 'lambda_clutter': 50}",16384,32,256
422.6953,"{'lambda_lines_2d': 10, 'lambda_points_line_2d': 20, 'lambda_clutter': 50}","{'lambda_lines_2d': 10, 'lambda_points_line_2d': 20, 'lambda_clutter': 50}",16384,32,512
205.64648,"{'lambda_lines_2d': 10, 'lambda_points_line_2d': 20, 'lambda_clutter': 50}","{'lambda_lines_2d': 10, 'lambda_points_line_2d': 20, 'lambda_clutter': 50}",16384,32,1024
103.021484,"{'lambda_lines_2d': 10, 'lambda_points_line_2d': 20, 'lambda_clutter': 50}","{'lambda_lines_2d': 10, 'lambda_points_line_2d': 20, 'lambda_clutter': 50}",16384,32,2048
49.58203,"{'lambda_lines_2d': 10, 'lambda_points_line_2d': 20, 'lambda_clutter': 50}","{'lambda_lines_2d': 10, 'lambda_points_line_2d': 20, 'lambda_clutter': 50}",16384,32,4096
25.175781,"{'lambda_lines_2d': 10, 'lambda_points_line_2d': 20, 'lambda_clutter': 50}","{'lambda_lines_2d': 10, 'lambda_points_line_2d': 20, 'lambda_clutter': 50}",16384,32,8192
12.427734,"{'lambda_lines_2d': 10, 'lambda_points_line_2d': 20, 'lambda_clutter': 50}","{'lambda_lines_2d': 10, 'lambda_points_line_2d': 20, 'lambda_clutter': 50}",16384,32,16384
6.392578,"{'lambda_lines_2d': 10, 'lambda_points_line_2d': 20, 'lambda_clutter': 50}","{'lambda_lines_2d': 10, 'lambda_points_line_2d': 20, 'lambda_clutter': 50}",16384,32,32768
3.03125,"{'lambda_lines_2d': 10, 'lambda_points_line_2d': 20, 'lambda_clutter': 50}","{'lambda_lines_2d': 10, 'lambda_points_line_2d': 20, 'lambda_clutter': 50}",16384,32,65536
13.966309,"{'lambda_lines_2d': 10, 'lambda_points_line_2d': 20, 'lambda_clutter': 50}","{'lambda_lines_2d': 10, 'lambda_points_line_2d': 20, 'lambda_clutter': 50}",16384,2,256
2.071289,"{'lambda_lines_2d': 10, 'lambda_points_line_2d': 20, 'lambda_clutter': 50}","{'lambda_lines_2d': 10, 'lambda_points_line_2d': 20, 'lambda_clutter': 50}",16384,2,512
1.3717041,"{'lambda_lines_2d': 10, 'lambda_points_line_2d': 20, 'lambda_clutter': 50}","{'lambda_lines_2d': 10, 'lambda_points_line_2d': 20, 'lambda_clutter': 50}",16384,2,1024
0.4736328,"{'lambda_lines_2d': 10, 'lambda_points_line_2d': 20, 'lambda_clutter': 50}","{'lambda_lines_2d': 10, 'lambda_points_line_2d': 20, 'lambda_clutter': 50}",16384,2,2048
0.25708008,"{'lambda_lines_2d': 10, 'lambda_points_line_2d': 20, 'lambda_clutter': 50}","{'lambda_lines_2d': 10, 'lambda_points_line_2d': 20, 'lambda_clutter': 50}",16384,2,4096
0.19140625,"{'lambda_lines_2d': 10, 'lambda_points_line_2d': 20, 'lambda_clutter': 50}","{'lambda_lines_2d': 10, 'lambda_points_line_2d': 20, 'lambda_clutter': 50}",16384,2,8192
0.09851074,"{'lambda_lines_2d': 10, 'lambda_points_line_2d': 20, 'lambda_clutter': 50}","{'lambda_lines_2d': 10, 'lambda_points_line_2d': 20, 'lambda_clutter': 50}",16384,2,16384
0.0345459,"{'lambda_lines_2d': 10, 'lambda_points_line_2d': 20, 'lambda_clutter': 50}","{'lambda_lines_2d': 10, 'lambda_points_line_2d': 20, 'lambda_clutter': 50}",16384,2,32768
0.057128906,"{'lambda_lines_2d': 10, 'lambda_points_line_2d': 20, 'lambda_clutter': 50}","{'lambda_lines_2d': 10, 'lambda_points_line_2d': 20, 'lambda_clutter': 50}",16384,2,65536
17.30835,"{'lambda_lines_2d': 10, 'lambda_points_line_2d': 20, 'lambda_clutter': 50}","{'lambda_lines_2d': 10, 'lambda_points_line_2d': 20, 'lambda_clutter': 50}",16384,4,256
7.846924,"{'lambda_lines_2d': 10, 'lambda_points_line_2d': 20, 'lambda_clutter': 50}","{'lambda_lines_2d': 10, 'lambda_points_line_2d': 20, 'lambda_clutter': 50}",16384,4,512
4.1540527,"{'lambda_lines_2d': 10, 'lambda_points_line_2d': 20, 'lambda_clutter': 50}","{'lambda_lines_2d': 10, 'lambda_points_line_2d': 20, 'lambda_clutter': 50}",16384,4,1024
3.585205,"{'lambda_lines_2d': 10, 'lambda_points_line_2d': 20, 'lambda_clutter': 50}","{'lambda_lines_2d': 10, 'lambda_points_line_2d': 20, 'lambda_clutter': 50}",16384,4,2048
1.6240234,"{'lambda_lines_2d': 10, 'lambda_points_line_2d': 20, 'lambda_clutter': 50}","{'lambda_lines_2d': 10, 'lambda_points_line_2d': 20, 'lambda_clutter': 50}",16384,4,4096
0.63842773,"{'lambda_lines_2d': 10, 'lambda_points_line_2d': 20, 'lambda_clutter': 50}","{'lambda_lines_2d': 10, 'lambda_points_line_2d': 20, 'lambda_clutter': 50}",16384,4,8192
0.24804688,"{'lambda_lines_2d': 10, 'lambda_points_line_2d': 20, 'lambda_clutter': 50}","{'lambda_lines_2d': 10, 'lambda_points_line_2d': 20, 'lambda_clutter': 50}",16384,4,16384
0.07324219,"{'lambda_lines_2d': 10, 'lambda_points_line_2d': 20, 'lambda_clutter': 50}","{'lambda_lines_2d': 10, 'lambda_points_line_2d': 20, 'lambda_clutter': 50}",16384,4,32768
0.060058594,"{'lambda_lines_2d': 10, 'lambda_points_line_2d': 20, 'lambda_clutter': 50}","{'lambda_lines_2d': 10, 'lambda_points_line_2d': 20, 'lambda_clutter': 50}",16384,4,65536
86.98193,"{'lambda_lines_2d': 10, 'lambda_points_line_2d': 20, 'lambda_clutter': 50}","{'lambda_lines_2d': 10, 'lambda_points_line_2d': 20, 'lambda_clutter': 50}",16384,8,256
48.003418,"{'lambda_lines_2d': 10, 'lambda_points_line_2d': 20, 'lambda_clutter': 50}","{'lambda_lines_2d': 10, 'lambda_points_line_2d': 20, 'lambda_clutter': 50}",16384,8,512
22.291016,"{'lambda_lines_2d': 10, 'lambda_points_line_2d': 20, 'lambda_clutter': 50}","{'lambda_lines_2d': 10, 'lambda_points_line_2d': 20, 'lambda_clutter': 50}",16384,8,1024
13.934082,"{'lambda_lines_2d': 10, 'lambda_points_line_2d': 20, 'lambda_clutter': 50}","{'lambda_lines_2d': 10, 'lambda_points_line_2d': 20, 'lambda_clutter': 50}",16384,8,2048
7.0615234,"{'lambda_lines_2d': 10, 'lambda_points_line_2d': 20, 'lambda_clutter': 50}","{'lambda_lines_2d': 10, 'lambda_points_line_2d': 20, 'lambda_clutter': 50}",16384,8,4096
3.7128906,"{'lambda_lines_2d': 10, 'lambda_points_line_2d': 20, 'lambda_clutter': 50}","{'lambda_lines_2d': 10, 'lambda_points_line_2d': 20, 'lambda_clutter': 50}",16384,8,8192
1.6865234,"{'lambda_lines_2d': 10, 'lambda_points_line_2d': 20, 'lambda_clutter': 50}","{'lambda_lines_2d': 10, 'lambda_points_line_2d': 20, 'lambda_clutter': 50}",16384,8,16384
0.6513672,"{'lambda_lines_2d': 10, 'lambda_points_line_2d': 20, 'lambda_clutter': 50}","{'lambda_lines_2d': 10, 'lambda_points_line_2d': 20, 'lambda_clutter': 50}",16384,8,32768
0.2553711,"{'lambda_lines_2d': 10, 'lambda_points_line_2d': 20, 'lambda_clutter': 50}","{'lambda_lines_2d': 10, 'lambda_points_line_2d': 20, 'lambda_clutter': 50}",16384,8,65536
252.89551,"{'lambda_lines_2d': 10, 'lambda_points_line_2d': 20, 'lambda_clutter': 50}","{'lambda_lines_2d': 10, 'lambda_points_line_2d': 20, 'lambda_clutter': 50}",16384,16,256
112.83594,"{'lambda_lines_2d': 10, 'lambda_points_line_2d': 20, 'lambda_clutter': 50}","{'lambda_lines_2d': 10, 'lambda_points_line_2d': 20, 'lambda_clutter': 50}",16384,16,512
62.052734,"{'lambda_lines_2d': 10, 'lambda_points_line_2d': 20, 'lambda_clutter': 50}","{'lambda_lines_2d': 10, 'lambda_points_line_2d': 20, 'lambda_clutter': 50}",16384,16,1024
30.007812,"{'lambda_lines_2d': 10, 'lambda_points_line_2d': 20, 'lambda_clutter': 50}","{'lambda_lines_2d': 10, 'lambda_points_line_2d': 20, 'lambda_clutter': 50}",16384,16,2048
12.410156,"{'lambda_lines_2d': 10, 'lambda_points_line_2d': 20, 'lambda_clutter': 50}","{'lambda_lines_2d': 10, 'lambda_points_line_2d': 20, 'lambda_clutter': 50}",16384,16,4096
7.6210938,"{'lambda_lines_2d': 10, 'lambda_points_line_2d': 20, 'lambda_clutter': 50}","{'lambda_lines_2d': 10, 'lambda_points_line_2d': 20, 'lambda_clutter': 50}",16384,16,8192
3.6748047,"{'lambda_lines_2d': 10, 'lambda_points_line_2d': 20, 'lambda_clutter': 50}","{'lambda_lines_2d': 10, 'lambda_points_line_2d': 20, 'lambda_clutter': 50}",16384,16,16384
2.0166016,"{'lambda_lines_2d': 10, 'lambda_points_line_2d': 20, 'lambda_clutter': 50}","{'lambda_lines_2d': 10, 'lambda_points_line_2d': 20, 'lambda_clutter': 50}",16384,16,32768
0.83984375,"{'lambda_lines_2d': 10, 'lambda_points_line_2d': 20, 'lambda_clutter': 50}","{'lambda_lines_2d': 10, 'lambda_points_line_2d': 20, 'lambda_clutter': 50}",16384,16,65536
685.80664,"{'lambda_lines_2d': 10, 'lambda_points_line_2d': 20, 'lambda_clutter': 50}","{'lambda_lines_2d': 10, 'lambda_points_line_2d': 20, 'lambda_clutter': 50}",16384,32,256
354.04102,"{'lambda_lines_2d': 10, 'lambda_points_line_2d': 20, 'lambda_clutter': 50}","{'lambda_lines_2d': 10, 'lambda_points_line_2d': 20, 'lambda_clutter': 50}",16384,32,512
183.9414,"{'lambda_lines_2d': 10, 'lambda_points_line_2d': 20, 'lambda_clutter': 50}","{'lambda_lines_2d': 10, 'lambda_points_line_2d': 20, 'lambda_clutter': 50}",16384,32,1024
98.109375,"{'lambda_lines_2d': 10, 'lambda_points_line_2d': 20, 'lambda_clutter': 50}","{'lambda_lines_2d': 10, 'lambda_points_line_2d': 20, 'lambda_clutter': 50}",16384,32,2048
51.710938,"{'lambda_lines_2d': 10, 'lambda_points_line_2d': 20, 'lambda_clutter': 50}","{'lambda_lines_2d': 10, 'lambda_points_line_2d': 20, 'lambda_clutter': 50}",16384,32,4096
25.205078,"{'lambda_lines_2d': 10, 'lambda_points_line_2d': 20, 'lambda_clutter': 50}","{'lambda_lines_2d': 10, 'lambda_points_line_2d': 20, 'lambda_clutter': 50}",16384,32,8192
12.197266,"{'lambda_lines_2d': 10, 'lambda_points_line_2d': 20, 'lambda_clutter': 50}","{'lambda_lines_2d': 10, 'lambda_points_line_2d': 20, 'lambda_clutter': 50}",16384,32,16384
6.609375,"{'lambda_lines_2d': 10, 'lambda_points_line_2d': 20, 'lambda_clutter': 50}","{'lambda_lines_2d': 10, 'lambda_points_line_2d': 20, 'lambda_clutter': 50}",16384,32,32768
3.234375,"{'lambda_lines_2d': 10, 'lambda_points_line_2d': 20, 'lambda_clutter': 50}","{'lambda_lines_2d': 10, 'lambda_points_line_2d': 20, 'lambda_clutter': 50}",16384,32,65536
14.317993,"{'lambda_lines_2d': 10, 'lambda_points_line_2d': 20, 'lambda_clutter': 50}","{'lambda_lines_2d': 10, 'lambda_points_line_2d': 20, 'lambda_clutter': 50}",16384,2,256
4.6723633,"{'lambda_lines_2d': 10, 'lambda_points_line_2d': 20, 'lambda_clutter': 50}","{'lambda_lines_2d': 10, 'lambda_points_line_2d': 20, 'lambda_clutter': 50}",16384,2,512
2.1287842,"{'lambda_lines_2d': 10, 'lambda_points_line_2d': 20, 'lambda_clutter': 50}","{'lambda_lines_2d': 10, 'lambda_points_line_2d': 20, 'lambda_clutter': 50}",16384,2,1024
0.36413574,"{'lambda_lines_2d': 10, 'lambda_points_line_2d': 20, 'lambda_clutter': 50}","{'lambda_lines_2d': 10, 'lambda_points_line_2d': 20, 'lambda_clutter': 50}",16384,2,2048
0.1015625,"{'lambda_lines_2d': 10, 'lambda_points_line_2d': 20, 'lambda_clutter': 50}","{'lambda_lines_2d': 10, 'lambda_points_line_2d': 20, 'lambda_clutter': 50}",16384,2,4096
0.14611816,"{'lambda_lines_2d': 10, 'lambda_points_line_2d': 20, 'lambda_clutter': 50}","{'lambda_lines_2d': 10, 'lambda_points_line_2d': 20, 'lambda_clutter': 50}",16384,2,8192
0.017578125,"{'lambda_lines_2d': 10, 'lambda_points_line_2d': 20, 'lambda_clutter': 50}","{'lambda_lines_2d': 10, 'lambda_points_line_2d': 20, 'lambda_clutter': 50}",16384,2,16384
0.016601562,"{'lambda_lines_2d': 10, 'lambda_points_line_2d': 20, 'lambda_clutter': 50}","{'lambda_lines_2d': 10, 'lambda_points_line_2d': 20, 'lambda_clutter': 50}",16384,2,32768
0.020751953,"{'lambda_lines_2d': 10, 'lambda_points_line_2d': 20, 'lambda_clutter': 50}","{'lambda_lines_2d': 10, 'lambda_points_line_2d': 20, 'lambda_clutter': 50}",16384,2,65536
25.455566,"{'lambda_lines_2d': 10, 'lambda_points_line_2d': 20, 'lambda_clutter': 50}","{'lambda_lines_2d': 10, 'lambda_points_line_2d': 20, 'lambda_clutter': 50}",16384,4,256
9.16333,"{'lambda_lines_2d': 10, 'lambda_points_line_2d': 20, 'lambda_clutter': 50}","{'lambda_lines_2d': 10, 'lambda_points_line_2d': 20, 'lambda_clutter': 50}",16384,4,512
7.7333984,"{'lambda_lines_2d': 10, 'lambda_points_line_2d': 20, 'lambda_clutter': 50}","{'lambda_lines_2d': 10, 'lambda_points_line_2d': 20, 'lambda_clutter': 50}",16384,4,1024
2.2336426,"{'lambda_lines_2d': 10, 'lambda_points_line_2d': 20, 'lambda_clutter': 50}","{'lambda_lines_2d': 10, 'lambda_points_line_2d': 20, 'lambda_clutter': 50}",16384,4,2048
1.5412598,"{'lambda_lines_2d': 10, 'lambda_points_line_2d': 20, 'lambda_clutter': 50}","{'lambda_lines_2d': 10, 'lambda_points_line_2d': 20, 'lambda_clutter': 50}",16384,4,4096
0.8125,"{'lambda_lines_2d': 10, 'lambda_points_line_2d': 20, 'lambda_clutter': 50}","{'lambda_lines_2d': 10, 'lambda_points_line_2d': 20, 'lambda_clutter': 50}",16384,4,8192
0.27978516,"{'lambda_lines_2d': 10, 'lambda_points_line_2d': 20, 'lambda_clutter': 50}","{'lambda_lines_2d': 10, 'lambda_points_line_2d': 20, 'lambda_clutter': 50}",16384,4,16384
0.14697266,"{'lambda_lines_2d': 10, 'lambda_points_line_2d': 20, 'lambda_clutter': 50}","{'lambda_lines_2d': 10, 'lambda_points_line_2d': 20, 'lambda_clutter': 50}",16384,4,32768
0.09423828,"{'lambda_lines_2d': 10, 'lambda_points_line_2d': 20, 'lambda_clutter': 50}","{'lambda_lines_2d': 10, 'lambda_points_line_2d': 20, 'lambda_clutter': 50}",16384,4,65536
108.93555,"{'lambda_lines_2d': 10, 'lambda_points_line_2d': 20, 'lambda_clutter': 50}","{'lambda_lines_2d': 10, 'lambda_points_line_2d': 20, 'lambda_clutter': 50}",16384,8,256
40.28662,"{'lambda_lines_2d': 10, 'lambda_points_line_2d': 20, 'lambda_clutter': 50}","{'lambda_lines_2d': 10, 'lambda_points_line_2d': 20, 'lambda_clutter': 50}",16384,8,512
14.300781,"{'lambda_lines_2d': 10, 'lambda_points_line_2d': 20, 'lambda_clutter': 50}","{'lambda_lines_2d': 10, 'lambda_points_line_2d': 20, 'lambda_clutter': 50}",16384,8,1024
9.160156,"{'lambda_lines_2d': 10, 'lambda_points_line_2d': 20, 'lambda_clutter': 50}","{'lambda_lines_2d': 10, 'lambda_points_line_2d': 20, 'lambda_clutter': 50}",16384,8,2048
3.9541016,"{'lambda_lines_2d': 10, 'lambda_points_line_2d': 20, 'lambda_clutter': 50}","{'lambda_lines_2d': 10, 'lambda_points_line_2d': 20, 'lambda_clutter': 50}",16384,8,4096
2.7612305,"{'lambda_lines_2d': 10, 'lambda_points_line_2d': 20, 'lambda_clutter': 50}","{'lambda_lines_2d': 10, 'lambda_points_line_2d': 20, 'lambda_clutter': 50}",16384,8,8192
1.1088867,"{'lambda_lines_2d': 10, 'lambda_points_line_2d': 20, 'lambda_clutter': 50}","{'lambda_lines_2d': 10, 'lambda_points_line_2d': 20, 'lambda_clutter': 50}",16384,8,16384
0.48583984,"{'lambda_lines_2d': 10, 'lambda_points_line_2d': 20, 'lambda_clutter': 50}","{'lambda_lines_2d': 10, 'lambda_points_line_2d': 20, 'lambda_clutter': 50}",16384,8,32768
0.28271484,"{'lambda_lines_2d': 10, 'lambda_points_line_2d': 20, 'lambda_clutter': 50}","{'lambda_lines_2d': 10, 'lambda_points_line_2d': 20, 'lambda_clutter': 50}",16384,8,65536
213.34375,"{'lambda_lines_2d': 10, 'lambda_points_line_2d': 20, 'lambda_clutter': 50}","{'lambda_lines_2d': 10, 'lambda_points_line_2d': 20, 'lambda_clutter': 50}",16384,16,256
120.82422,"{'lambda_lines_2d': 10, 'lambda_points_line_2d': 20, 'lambda_clutter': 50}","{'lambda_lines_2d': 10, 'lambda_points_line_2d': 20, 'lambda_clutter': 50}",16384,16,512
62.953125,"{'lambda_lines_2d': 10, 'lambda_points_line_2d': 20, 'lambda_clutter': 50}","{'lambda_lines_2d': 10, 'lambda_points_line_2d': 20, 'lambda_clutter': 50}",16384,16,1024
29.638672,"{'lambda_lines_2d': 10, 'lambda_points_line_2d': 20, 'lambda_clutter': 50}","{'lambda_lines_2d': 10, 'lambda_points_line_2d': 20, 'lambda_clutter': 50}",16384,16,2048
16.108398,"{'lambda_lines_2d': 10, 'lambda_points_line_2d': 20, 'lambda_clutter': 50}","{'lambda_lines_2d': 10, 'lambda_points_line_2d': 20, 'lambda_clutter': 50}",16384,16,4096
7.0351562,"{'lambda_lines_2d': 10, 'lambda_points_line_2d': 20, 'lambda_clutter': 50}","{'lambda_lines_2d': 10, 'lambda_points_line_2d': 20, 'lambda_clutter': 50}",16384,16,8192
2.9365234,"{'lambda_lines_2d': 10, 'lambda_points_line_2d': 20, 'lambda_clutter': 50}","{'lambda_lines_2d': 10, 'lambda_points_line_2d': 20, 'lambda_clutter': 50}",16384,16,16384
1.3867188,"{'lambda_lines_2d': 10, 'lambda_points_line_2d': 20, 'lambda_clutter': 50}","{'lambda_lines_2d': 10, 'lambda_points_line_2d': 20, 'lambda_clutter': 50}",16384,16,32768
0.7324219,"{'lambda_lines_2d': 10, 'lambda_points_line_2d': 20, 'lambda_clutter': 50}","{'lambda_lines_2d': 10, 'lambda_points_line_2d': 20, 'lambda_clutter': 50}",16384,16,65536
910.5508,"{'lambda_lines_2d': 10, 'lambda_points_line_2d': 20, 'lambda_clutter': 50}","{'lambda_lines_2d': 10, 'lambda_points_line_2d': 20, 'lambda_clutter': 50}",16384,32,256
450.72852,"{'lambda_lines_2d': 10, 'lambda_points_line_2d': 20, 'lambda_clutter': 50}","{'lambda_lines_2d': 10, 'lambda_points_line_2d': 20, 'lambda_clutter': 50}",16384,32,512
233.45508,"{'lambda_lines_2d': 10, 'lambda_points_line_2d': 20, 'lambda_clutter': 50}","{'lambda_lines_2d': 10, 'lambda_points_line_2d': 20, 'lambda_clutter': 50}",16384,32,1024
106.79297,"{'lambda_lines_2d': 10, 'lambda_points_line_2d': 20, 'lambda_clutter': 50}","{'lambda_lines_2d': 10, 'lambda_points_line_2d': 20, 'lambda_clutter': 50}",16384,32,2048
56.003906,"{'lambda_lines_2d': 10, 'lambda_points_line_2d': 20, 'lambda_clutter': 50}","{'lambda_lines_2d': 10, 'lambda_points_line_2d': 20, 'lambda_clutter': 50}",16384,32,4096
28.179688,"{'lambda_lines_2d': 10, 'lambda_points_line_2d': 20, 'lambda_clutter': 50}","{'lambda_lines_2d': 10, 'lambda_points_line_2d': 20, 'lambda_clutter': 50}",16384,32,8192
13.365234,"{'lambda_lines_2d': 10, 'lambda_points_line_2d': 20, 'lambda_clutter': 50}","{'lambda_lines_2d': 10, 'lambda_points_line_2d': 20, 'lambda_clutter': 50}",16384,32,16384
6.578125,"{'lambda_lines_2d': 10, 'lambda_points_line_2d': 20, 'lambda_clutter': 50}","{'lambda_lines_2d': 10, 'lambda_points_line_2d': 20, 'lambda_clutter': 50}",16384,32,32768
3.0761719,"{'lambda_lines_2d': 10, 'lambda_points_line_2d': 20, 'lambda_clutter': 50}","{'lambda_lines_2d': 10, 'lambda_points_line_2d': 20, 'lambda_clutter': 50}",16384,32,65536
9.365845,"{'lambda_lines_2d': 10, 'lambda_points_line_2d': 20, 'lambda_clutter': 50}","{'lambda_lines_2d': 10, 'lambda_points_line_2d': 20, 'lambda_clutter': 50}",16384,2,256
2.9849854,"{'lambda_lines_2d': 10, 'lambda_points_line_2d': 20, 'lambda_clutter': 50}","{'lambda_lines_2d': 10, 'lambda_points_line_2d': 20, 'lambda_clutter': 50}",16384,2,512
1.6606445,"{'lambda_lines_2d': 10, 'lambda_points_line_2d': 20, 'lambda_clutter': 50}","{'lambda_lines_2d': 10, 'lambda_points_line_2d': 20, 'lambda_clutter': 50}",16384,2,1024
1.2110596,"{'lambda_lines_2d': 10, 'lambda_points_line_2d': 20, 'lambda_clutter': 50}","{'lambda_lines_2d': 10, 'lambda_points_line_2d': 20, 'lambda_clutter': 50}",16384,2,2048
0.414917,"{'lambda_lines_2d': 10, 'lambda_points_line_2d': 20, 'lambda_clutter': 50}","{'lambda_lines_2d': 10, 'lambda_points_line_2d': 20, 'lambda_clutter': 50}",16384,2,4096
0.18347168,"{'lambda_lines_2d': 10, 'lambda_points_line_2d': 20, 'lambda_clutter': 50}","{'lambda_lines_2d': 10, 'lambda_points_line_2d': 20, 'lambda_clutter': 50}",16384,2,8192
0.09753418,"{'lambda_lines_2d': 10, 'lambda_points_line_2d': 20, 'lambda_clutter': 50}","{'lambda_lines_2d': 10, 'lambda_points_line_2d': 20, 'lambda_clutter': 50}",16384,2,16384
0.053955078,"{'lambda_lines_2d': 10, 'lambda_points_line_2d': 20, 'lambda_clutter': 50}","{'lambda_lines_2d': 10, 'lambda_points_line_2d': 20, 'lambda_clutter': 50}",16384,2,32768
0.02319336,"{'lambda_lines_2d': 10, 'lambda_points_line_2d': 20, 'lambda_clutter': 50}","{'lambda_lines_2d': 10, 'lambda_points_line_2d': 20, 'lambda_clutter': 50}",16384,2,65536
26.623047,"{'lambda_lines_2d': 10, 'lambda_points_line_2d': 20, 'lambda_clutter': 50}","{'lambda_lines_2d': 10, 'lambda_points_line_2d': 20, 'lambda_clutter': 50}",16384,4,256
13.560791,"{'lambda_lines_2d': 10, 'lambda_points_line_2d': 20, 'lambda_clutter': 50}","{'lambda_lines_2d': 10, 'lambda_points_line_2d': 20, 'lambda_clutter': 50}",16384,4,512
9.036621,"{'lambda_lines_2d': 10, 'lambda_points_line_2d': 20, 'lambda_clutter': 50}","{'lambda_lines_2d': 10, 'lambda_points_line_2d': 20, 'lambda_clutter': 50}",16384,4,1024
3.2006836,"{'lambda_lines_2d': 10, 'lambda_points_line_2d': 20, 'lambda_clutter': 50}","{'lambda_lines_2d': 10, 'lambda_points_line_2d': 20, 'lambda_clutter': 50}",16384,4,2048
2.2888184,"{'lambda_lines_2d': 10, 'lambda_points_line_2d': 20, 'lambda_clutter': 50}","{'lambda_lines_2d': 10, 'lambda_points_line_2d': 20, 'lambda_clutter': 50}",16384,4,4096
0.79711914,"{'lambda_lines_2d': 10, 'lambda_points_line_2d': 20, 'lambda_clutter': 50}","{'lambda_lines_2d': 10, 'lambda_points_line_2d': 20, 'lambda_clutter': 50}",16384,4,8192
0.4013672,"{'lambda_lines_2d': 10, 'lambda_points_line_2d': 20, 'lambda_clutter': 50}","{'lambda_lines_2d': 10, 'lambda_points_line_2d': 20, 'lambda_clutter': 50}",16384,4,16384
0.28466797,"{'lambda_lines_2d': 10, 'lambda_points_line_2d': 20, 'lambda_clutter': 50}","{'lambda_lines_2d': 10, 'lambda_points_line_2d': 20, 'lambda_clutter': 50}",16384,4,32768
0.072509766,"{'lambda_lines_2d': 10, 'lambda_points_line_2d': 20, 'lambda_clutter': 50}","{'lambda_lines_2d': 10, 'lambda_points_line_2d': 20, 'lambda_clutter': 50}",16384,4,65536
58.32422,"{'lambda_lines_2d': 10, 'lambda_points_line_2d': 20, 'lambda_clutter': 50}","{'lambda_lines_2d': 10, 'lambda_points_line_2d': 20, 'lambda_clutter': 50}",16384,8,256
28.987305,"{'lambda_lines_2d': 10, 'lambda_points_line_2d': 20, 'lambda_clutter': 50}","{'lambda_lines_2d': 10, 'lambda_points_line_2d': 20, 'lambda_clutter': 50}",16384,8,512
16.592285,"{'lambda_lines_2d': 10, 'lambda_points_line_2d': 20, 'lambda_clutter': 50}","{'lambda_lines_2d': 10, 'lambda_points_line_2d': 20, 'lambda_clutter': 50}",16384,8,1024
8.040039,"{'lambda_lines_2d': 10, 'lambda_points_line_2d': 20, 'lambda_clutter': 50}","{'lambda_lines_2d': 10, 'lambda_points_line_2d': 20, 'lambda_clutter': 50}",16384,8,2048
4.475586,"{'lambda_lines_2d': 10, 'lambda_points_line_2d': 20, 'lambda_clutter': 50}","{'lambda_lines_2d': 10, 'lambda_points_line_2d': 20, 'lambda_clutter': 50}",16384,8,4096
2.5708008,"{'lambda_lines_2d': 10, 'lambda_points_line_2d': 20, 'lambda_clutter': 50}","{'lambda_lines_2d': 10, 'lambda_points_line_2d': 20, 'lambda_clutter': 50}",16384,8,8192
1.1484375,"{'lambda_lines_2d': 10, 'lambda_points_line_2d': 20, 'lambda_clutter': 50}","{'lambda_lines_2d': 10, 'lambda_points_line_2d': 20, 'lambda_clutter': 50}",16384,8,16384
0.56689453,"{'lambda_lines_2d': 10, 'lambda_points_line_2d': 20, 'lambda_clutter': 50}","{'lambda_lines_2d': 10, 'lambda_points_line_2d': 20, 'lambda_clutter': 50}",16384,8,32768
0.3305664,"{'lambda_lines_2d': 10, 'lambda_points_line_2d': 20, 'lambda_clutter': 50}","{'lambda_lines_2d': 10, 'lambda_points_line_2d': 20, 'lambda_clutter': 50}",16384,8,65536
226.36816,"{'lambda_lines_2d': 10, 'lambda_points_line_2d': 20, 'lambda_clutter': 50}","{'lambda_lines_2d': 10, 'lambda_points_line_2d': 20, 'lambda_clutter': 50}",16384,16,256
98.66406,"{'lambda_lines_2d': 10, 'lambda_points_line_2d': 20, 'lambda_clutter': 50}","{'lambda_lines_2d': 10, 'lambda_points_line_2d': 20, 'lambda_clutter': 50}",16384,16,512
54.34961,"{'lambda_lines_2d': 10, 'lambda_points_line_2d': 20, 'lambda_clutter': 50}","{'lambda_lines_2d': 10, 'lambda_points_line_2d': 20, 'lambda_clutter': 50}",16384,16,1024
25.676758,"{'lambda_lines_2d': 10, 'lambda_points_line_2d': 20, 'lambda_clutter': 50}","{'lambda_lines_2d': 10, 'lambda_points_line_2d': 20, 'lambda_clutter': 50}",16384,16,2048
13.321289,"{'lambda_lines_2d': 10, 'lambda_points_line_2d': 20, 'lambda_clutter': 50}","{'lambda_lines_2d': 10, 'lambda_points_line_2d': 20, 'lambda_clutter': 50}",16384,16,4096
7.236328,"{'lambda_lines_2d': 10, 'lambda_points_line_2d': 20, 'lambda_clutter': 50}","{'lambda_lines_2d': 10, 'lambda_points_line_2d': 20, 'lambda_clutter': 50}",16384,16,8192
4.0458984,"{'lambda_lines_2d': 10, 'lambda_points_line_2d': 20, 'lambda_clutter': 50}","{'lambda_lines_2d': 10, 'lambda_points_line_2d': 20, 'lambda_clutter': 50}",16384,16,16384
2.2392578,"{'lambda_lines_2d': 10, 'lambda_points_line_2d': 20, 'lambda_clutter': 50}","{'lambda_lines_2d': 10, 'lambda_points_line_2d': 20, 'lambda_clutter': 50}",16384,16,32768
1.1035156,"{'lambda_lines_2d': 10, 'lambda_points_line_2d': 20, 'lambda_clutter': 50}","{'lambda_lines_2d': 10, 'lambda_points_line_2d': 20, 'lambda_clutter': 50}",16384,16,65536
809.95703,"{'lambda_lines_2d': 10, 'lambda_points_line_2d': 20, 'lambda_clutter': 50}","{'lambda_lines_2d': 10, 'lambda_points_line_2d': 20, 'lambda_clutter': 50}",16384,32,256
373.89844,"{'lambda_lines_2d': 10, 'lambda_points_line_2d': 20, 'lambda_clutter': 50}","{'lambda_lines_2d': 10, 'lambda_points_line_2d': 20, 'lambda_clutter': 50}",16384,32,512
183.01758,"{'lambda_lines_2d': 10, 'lambda_points_line_2d': 20, 'lambda_clutter': 50}","{'lambda_lines_2d': 10, 'lambda_points_line_2d': 20, 'lambda_clutter': 50}",16384,32,1024
98.56445,"{'lambda_lines_2d': 10, 'lambda_points_line_2d': 20, 'lambda_clutter': 50}","{'lambda_lines_2d': 10, 'lambda_points_line_2d': 20, 'lambda_clutter': 50}",16384,32,2048
49.601562,"{'lambda_lines_2d': 10, 'lambda_points_line_2d': 20, 'lambda_clutter': 50}","{'lambda_lines_2d': 10, 'lambda_points_line_2d': 20, 'lambda_clutter': 50}",16384,32,4096
25.210938,"{'lambda_lines_2d': 10, 'lambda_points_line_2d': 20, 'lambda_clutter': 50}","{'lambda_lines_2d': 10, 'lambda_points_line_2d': 20, 'lambda_clutter': 50}",16384,32,8192
13.0625,"{'lambda_lines_2d': 10, 'lambda_points_line_2d': 20, 'lambda_clutter': 50}","{'lambda_lines_2d': 10, 'lambda_points_line_2d': 20, 'lambda_clutter': 50}",16384,32,16384
6.205078,"{'lambda_lines_2d': 10, 'lambda_points_line_2d': 20, 'lambda_clutter': 50}","{'lambda_lines_2d': 10, 'lambda_points_line_2d': 20, 'lambda_clutter': 50}",16384,32,32768
2.9863281,"{'lambda_lines_2d': 10, 'lambda_points_line_2d': 20, 'lambda_clutter': 50}","{'lambda_lines_2d': 10, 'lambda_points_line_2d': 20, 'lambda_clutter': 50}",16384,32,65536
8.9592285,"{'lambda_lines_2d': 10, 'lambda_points_line_2d': 20, 'lambda_clutter': 50}","{'lambda_lines_2d': 10, 'lambda_points_line_2d': 20, 'lambda_clutter': 50}",16384,2,256
9.009399,"{'lambda_lines_2d': 10, 'lambda_points_line_2d': 20, 'lambda_clutter': 50}","{'lambda_lines_2d': 10, 'lambda_points_line_2d': 20, 'lambda_clutter': 50}",16384,2,512
5.4954834,"{'lambda_lines_2d': 10, 'lambda_points_line_2d': 20, 'lambda_clutter': 50}","{'lambda_lines_2d': 10, 'lambda_points_line_2d': 20, 'lambda_clutter': 50}",16384,2,1024
1.7429199,"{'lambda_lines_2d': 10, 'lambda_points_line_2d': 20, 'lambda_clutter': 50}","{'lambda_lines_2d': 10, 'lambda_points_line_2d': 20, 'lambda_clutter': 50}",16384,2,2048
0.41906738,"{'lambda_lines_2d': 10, 'lambda_points_line_2d': 20, 'lambda_clutter': 50}","{'lambda_lines_2d': 10, 'lambda_points_line_2d': 20, 'lambda_clutter': 50}",16384,2,4096
0.033691406,"{'lambda_lines_2d': 10, 'lambda_points_line_2d': 20, 'lambda_clutter': 50}","{'lambda_lines_2d': 10, 'lambda_points_line_2d': 20, 'lambda_clutter': 50}",16384,2,8192
0.17736816,"{'lambda_lines_2d': 10, 'lambda_points_line_2d': 20, 'lambda_clutter': 50}","{'lambda_lines_2d': 10, 'lambda_points_line_2d': 20, 'lambda_clutter': 50}",16384,2,16384
0.08178711,"{'lambda_lines_2d': 10, 'lambda_points_line_2d': 20, 'lambda_clutter': 50}","{'lambda_lines_2d': 10, 'lambda_points_line_2d': 20, 'lambda_clutter': 50}",16384,2,32768
0.0423584,"{'lambda_lines_2d': 10, 'lambda_points_line_2d': 20, 'lambda_clutter': 50}","{'lambda_lines_2d': 10, 'lambda_points_line_2d': 20, 'lambda_clutter': 50}",16384,2,65536
15.732422,"{'lambda_lines_2d': 10, 'lambda_points_line_2d': 20, 'lambda_clutter': 50}","{'lambda_lines_2d': 10, 'lambda_points_line_2d': 20, 'lambda_clutter': 50}",16384,4,256
3.4533691,"{'lambda_lines_2d': 10, 'lambda_points_line_2d': 20, 'lambda_clutter': 50}","{'lambda_lines_2d': 10, 'lambda_points_line_2d': 20, 'lambda_clutter': 50}",16384,4,512
3.4433594,"{'lambda_lines_2d': 10, 'lambda_points_line_2d': 20, 'lambda_clutter': 50}","{'lambda_lines_2d': 10, 'lambda_points_line_2d': 20, 'lambda_clutter': 50}",16384,4,1024
2.2424316,"{'lambda_lines_2d': 10, 'lambda_points_line_2d': 20, 'lambda_clutter': 50}","{'lambda_lines_2d': 10, 'lambda_points_line_2d': 20, 'lambda_clutter': 50}",16384,4,2048
1.2314453,"{'lambda_lines_2d': 10, 'lambda_points_line_2d': 20, 'lambda_clutter': 50}","{'lambda_lines_2d': 10, 'lambda_points_line_2d': 20, 'lambda_clutter': 50}",16384,4,4096
0.69555664,"{'lambda_lines_2d': 10, 'lambda_points_line_2d': 20, 'lambda_clutter': 50}","{'lambda_lines_2d': 10, 'lambda_points_line_2d': 20, 'lambda_clutter': 50}",16384,4,8192
0.34570312,"{'lambda_lines_2d': 10, 'lambda_points_line_2d': 20, 'lambda_clutter': 50}","{'lambda_lines_2d': 10, 'lambda_points_line_2d': 20, 'lambda_clutter': 50}",16384,4,16384
0.17797852,"{'lambda_lines_2d': 10, 'lambda_points_line_2d': 20, 'lambda_clutter': 50}","{'lambda_lines_2d': 10, 'lambda_points_line_2d': 20, 'lambda_clutter': 50}",16384,4,32768
0.111328125,"{'lambda_lines_2d': 10, 'lambda_points_line_2d': 20, 'lambda_clutter': 50}","{'lambda_lines_2d': 10, 'lambda_points_line_2d': 20, 'lambda_clutter': 50}",16384,4,65536
66.30615,"{'lambda_lines_2d': 10, 'lambda_points_line_2d': 20, 'lambda_clutter': 50}","{'lambda_lines_2d': 10, 'lambda_points_line_2d': 20, 'lambda_clutter': 50}",16384,8,256
33.748535,"{'lambda_lines_2d': 10, 'lambda_points_line_2d': 20, 'lambda_clutter': 50}","{'lambda_lines_2d': 10, 'lambda_points_line_2d': 20, 'lambda_clutter': 50}",16384,8,512
13.543945,"{'lambda_lines_2d': 10, 'lambda_points_line_2d': 20, 'lambda_clutter': 50}","{'lambda_lines_2d': 10, 'lambda_points_line_2d': 20, 'lambda_clutter': 50}",16384,8,1024
8.157227,"{'lambda_lines_2d': 10, 'lambda_points_line_2d': 20, 'lambda_clutter': 50}","{'lambda_lines_2d': 10, 'lambda_points_line_2d': 20, 'lambda_clutter': 50}",16384,8,2048
4.3100586,"{'lambda_lines_2d': 10, 'lambda_points_line_2d': 20, 'lambda_clutter': 50}","{'lambda_lines_2d': 10, 'lambda_points_line_2d': 20, 'lambda_clutter': 50}",16384,8,4096
2.359375,"{'lambda_lines_2d': 10, 'lambda_points_line_2d': 20, 'lambda_clutter': 50}","{'lambda_lines_2d': 10, 'lambda_points_line_2d': 20, 'lambda_clutter': 50}",16384,8,8192
1.0170898,"{'lambda_lines_2d': 10, 'lambda_points_line_2d': 20, 'lambda_clutter': 50}","{'lambda_lines_2d': 10, 'lambda_points_line_2d': 20, 'lambda_clutter': 50}",16384,8,16384
0.5395508,"{'lambda_lines_2d': 10, 'lambda_points_line_2d': 20, 'lambda_clutter': 50}","{'lambda_lines_2d': 10, 'lambda_points_line_2d': 20, 'lambda_clutter': 50}",16384,8,32768
0.2788086,"{'lambda_lines_2d': 10, 'lambda_points_line_2d': 20, 'lambda_clutter': 50}","{'lambda_lines_2d': 10, 'lambda_points_line_2d': 20, 'lambda_clutter': 50}",16384,8,65536
216.61621,"{'lambda_lines_2d': 10, 'lambda_points_line_2d': 20, 'lambda_clutter': 50}","{'lambda_lines_2d': 10, 'lambda_points_line_2d': 20, 'lambda_clutter': 50}",16384,16,256
116.77734,"{'lambda_lines_2d': 10, 'lambda_points_line_2d': 20, 'lambda_clutter': 50}","{'lambda_lines_2d': 10, 'lambda_points_line_2d': 20, 'lambda_clutter': 50}",16384,16,512
64.14453,"{'lambda_lines_2d': 10, 'lambda_points_line_2d': 20, 'lambda_clutter': 50}","{'lambda_lines_2d': 10, 'lambda_points_line_2d': 20, 'lambda_clutter': 50}",16384,16,1024
31.074219,"{'lambda_lines_2d': 10, 'lambda_points_line_2d': 20, 'lambda_clutter': 50}","{'lambda_lines_2d': 10, 'lambda_points_line_2d': 20, 'lambda_clutter': 50}",16384,16,2048
15.864258,"{'lambda_lines_2d': 10, 'lambda_points_line_2d': 20, 'lambda_clutter': 50}","{'lambda_lines_2d': 10, 'lambda_points_line_2d': 20, 'lambda_clutter': 50}",16384,16,4096
7.9882812,"{'lambda_lines_2d': 10, 'lambda_points_line_2d': 20, 'lambda_clutter': 50}","{'lambda_lines_2d': 10, 'lambda_points_line_2d': 20, 'lambda_clutter': 50}",16384,16,8192
3.5527344,"{'lambda_lines_2d': 10, 'lambda_points_line_2d': 20, 'lambda_clutter': 50}","{'lambda_lines_2d': 10, 'lambda_points_line_2d': 20, 'lambda_clutter': 50}",16384,16,16384
2.1582031,"{'lambda_lines_2d': 10, 'lambda_points_line_2d': 20, 'lambda_clutter': 50}","{'lambda_lines_2d': 10, 'lambda_points_line_2d': 20, 'lambda_clutter': 50}",16384,16,32768
1.0068359,"{'lambda_lines_2d': 10, 'lambda_points_line_2d': 20, 'lambda_clutter': 50}","{'lambda_lines_2d': 10, 'lambda_points_line_2d': 20, 'lambda_clutter': 50}",16384,16,65536
817.2246,"{'lambda_lines_2d': 10, 'lambda_points_line_2d': 20, 'lambda_clutter': 50}","{'lambda_lines_2d': 10, 'lambda_points_line_2d': 20, 'lambda_clutter': 50}",16384,32,256
406.41016,"{'lambda_lines_2d': 10, 'lambda_points_line_2d': 20, 'lambda_clutter': 50}","{'lambda_lines_2d': 10, 'lambda_points_line_2d': 20, 'lambda_clutter': 50}",16384,32,512
197.14844,"{'lambda_lines_2d': 10, 'lambda_points_line_2d': 20, 'lambda_clutter': 50}","{'lambda_lines_2d': 10, 'lambda_points_line_2d': 20, 'lambda_clutter': 50}",16384,32,1024
109.259766,"{'lambda_lines_2d': 10, 'lambda_points_line_2d': 20, 'lambda_clutter': 50}","{'lambda_lines_2d': 10, 'lambda_points_line_2d': 20, 'lambda_clutter': 50}",16384,32,2048
59.439453,"{'lambda_lines_2d': 10, 'lambda_points_line_2d': 20, 'lambda_clutter': 50}","{'lambda_lines_2d': 10, 'lambda_points_line_2d': 20, 'lambda_clutter': 50}",16384,32,4096
28.97461,"{'lambda_lines_2d': 10, 'lambda_points_line_2d': 20, 'lambda_clutter': 50}","{'lambda_lines_2d': 10, 'lambda_points_line_2d': 20, 'lambda_clutter': 50}",16384,32,8192
13.283203,"{'lambda_lines_2d': 10, 'lambda_points_line_2d': 20, 'lambda_clutter': 50}","{'lambda_lines_2d': 10, 'lambda_points_line_2d': 20, 'lambda_clutter': 50}",16384,32,16384
6.591797,"{'lambda_lines_2d': 10, 'lambda_points_line_2d': 20, 'lambda_clutter': 50}","{'lambda_lines_2d': 10, 'lambda_points_line_2d': 20, 'lambda_clutter': 50}",16384,32,32768
3.5292969,"{'lambda_lines_2d': 10, 'lambda_points_line_2d': 20, 'lambda_clutter': 50}","{'lambda_lines_2d': 10, 'lambda_points_line_2d': 20, 'lambda_clutter': 50}",16384,32,65536
1.2259521,"{'lambda_lines_2d': 10, 'lambda_points_line_2d': 20, 'lambda_clutter': 50}","{'lambda_lines_2d': 10, 'lambda_points_line_2d': 20, 'lambda_clutter': 50}",16384,2,256
1.951294,"{'lambda_lines_2d': 10, 'lambda_points_line_2d': 20, 'lambda_clutter': 50}","{'lambda_lines_2d': 10, 'lambda_points_line_2d': 20, 'lambda_clutter': 50}",16384,2,512
2.1534424,"{'lambda_lines_2d': 10, 'lambda_points_line_2d': 20, 'lambda_clutter': 50}","{'lambda_lines_2d': 10, 'lambda_points_line_2d': 20, 'lambda_clutter': 50}",16384,2,1024
1.9052734,"{'lambda_lines_2d': 10, 'lambda_points_line_2d': 20, 'lambda_clutter': 50}","{'lambda_lines_2d': 10, 'lambda_points_line_2d': 20, 'lambda_clutter': 50}",16384,2,2048
1.6497803,"{'lambda_lines_2d': 10, 'lambda_points_line_2d': 20, 'lambda_clutter': 50}","{'lambda_lines_2d': 10, 'lambda_points_line_2d': 20, 'lambda_clutter': 50}",16384,2,4096
0.526001,"{'lambda_lines_2d': 10, 'lambda_points_line_2d': 20, 'lambda_clutter': 50}","{'lambda_lines_2d': 10, 'lambda_points_line_2d': 20, 'lambda_clutter': 50}",16384,2,8192
0.24902344,"{'lambda_lines_2d': 10, 'lambda_points_line_2d': 20, 'lambda_clutter': 50}","{'lambda_lines_2d': 10, 'lambda_points_line_2d': 20, 'lambda_clutter': 50}",16384,2,16384
0.1508789,"{'lambda_lines_2d': 10, 'lambda_points_line_2d': 20, 'lambda_clutter': 50}","{'lambda_lines_2d': 10, 'lambda_points_line_2d': 20, 'lambda_clutter': 50}",16384,2,32768
0.08154297,"{'lambda_lines_2d': 10, 'lambda_points_line_2d': 20, 'lambda_clutter': 50}","{'lambda_lines_2d': 10, 'lambda_points_line_2d': 20, 'lambda_clutter': 50}",16384,2,65536
15.142578,"{'lambda_lines_2d': 10, 'lambda_points_line_2d': 20, 'lambda_clutter': 50}","{'lambda_lines_2d': 10, 'lambda_points_line_2d': 20, 'lambda_clutter': 50}",16384,4,256
9.166504,"{'lambda_lines_2d': 10, 'lambda_points_line_2d': 20, 'lambda_clutter': 50}","{'lambda_lines_2d': 10, 'lambda_points_line_2d': 20, 'lambda_clutter': 50}",16384,4,512
4.1643066,"{'lambda_lines_2d': 10, 'lambda_points_line_2d': 20, 'lambda_clutter': 50}","{'lambda_lines_2d': 10, 'lambda_points_line_2d': 20, 'lambda_clutter': 50}",16384,4,1024
4.06958,"{'lambda_lines_2d': 10, 'lambda_points_line_2d': 20, 'lambda_clutter': 50}","{'lambda_lines_2d': 10, 'lambda_points_line_2d': 20, 'lambda_clutter': 50}",16384,4,2048
0.8708496,"{'lambda_lines_2d': 10, 'lambda_points_line_2d': 20, 'lambda_clutter': 50}","{'lambda_lines_2d': 10, 'lambda_points_line_2d': 20, 'lambda_clutter': 50}",16384,4,4096
0.51293945,"{'lambda_lines_2d': 10, 'lambda_points_line_2d': 20, 'lambda_clutter': 50}","{'lambda_lines_2d': 10, 'lambda_points_line_2d': 20, 'lambda_clutter': 50}",16384,4,8192
0.45751953,"{'lambda_lines_2d': 10, 'lambda_points_line_2d': 20, 'lambda_clutter': 50}","{'lambda_lines_2d': 10, 'lambda_points_line_2d': 20, 'lambda_clutter': 50}",16384,4,16384
0.20043945,"{'lambda_lines_2d': 10, 'lambda_points_line_2d': 20, 'lambda_clutter': 50}","{'lambda_lines_2d': 10, 'lambda_points_line_2d': 20, 'lambda_clutter': 50}",16384,4,32768
0.072265625,"{'lambda_lines_2d': 10, 'lambda_points_line_2d': 20, 'lambda_clutter': 50}","{'lambda_lines_2d': 10, 'lambda_points_line_2d': 20, 'lambda_clutter': 50}",16384,4,65536
74.74658,"{'lambda_lines_2d': 10, 'lambda_points_line_2d': 20, 'lambda_clutter': 50}","{'lambda_lines_2d': 10, 'lambda_points_line_2d': 20, 'lambda_clutter': 50}",16384,8,256
41.26367,"{'lambda_lines_2d': 10, 'lambda_points_line_2d': 20, 'lambda_clutter': 50}","{'lambda_lines_2d': 10, 'lambda_points_line_2d': 20, 'lambda_clutter': 50}",16384,8,512
18.02832,"{'lambda_lines_2d': 10, 'lambda_points_line_2d': 20, 'lambda_clutter': 50}","{'lambda_lines_2d': 10, 'lambda_points_line_2d': 20, 'lambda_clutter': 50}",16384,8,1024
8.450684,"{'lambda_lines_2d': 10, 'lambda_points_line_2d': 20, 'lambda_clutter': 50}","{'lambda_lines_2d': 10, 'lambda_points_line_2d': 20, 'lambda_clutter': 50}",16384,8,2048
4.225586,"{'lambda_lines_2d': 10, 'lambda_points_line_2d': 20, 'lambda_clutter': 50}","{'lambda_lines_2d': 10, 'lambda_points_line_2d': 20, 'lambda_clutter': 50}",16384,8,4096
1.8745117,"{'lambda_lines_2d': 10, 'lambda_points_line_2d': 20, 'lambda_clutter': 50}","{'lambda_lines_2d': 10, 'lambda_points_line_2d': 20, 'lambda_clutter': 50}",16384,8,8192
0.94921875,"{'lambda_lines_2d': 10, 'lambda_points_line_2d': 20, 'lambda_clutter': 50}","{'lambda_lines_2d': 10, 'lambda_points_line_2d': 20, 'lambda_clutter': 50}",16384,8,16384
0.7270508,"{'lambda_lines_2d': 10, 'lambda_points_line_2d': 20, 'lambda_clutter': 50}","{'lambda_lines_2d': 10, 'lambda_points_line_2d': 20, 'lambda_clutter': 50}",16384,8,32768
0.31152344,"{'lambda_lines_2d': 10, 'lambda_points_line_2d': 20, 'lambda_clutter': 50}","{'lambda_lines_2d': 10, 'lambda_points_line_2d': 20, 'lambda_clutter': 50}",16384,8,65536
247.09277,"{'lambda_lines_2d': 10, 'lambda_points_line_2d': 20, 'lambda_clutter': 50}","{'lambda_lines_2d': 10, 'lambda_points_line_2d': 20, 'lambda_clutter': 50}",16384,16,256
108.87793,"{'lambda_lines_2d': 10, 'lambda_points_line_2d': 20, 'lambda_clutter': 50}","{'lambda_lines_2d': 10, 'lambda_points_line_2d': 20, 'lambda_clutter': 50}",16384,16,512
54.73047,"{'lambda_lines_2d': 10, 'lambda_points_line_2d': 20, 'lambda_clutter': 50}","{'lambda_lines_2d': 10, 'lambda_points_line_2d': 20, 'lambda_clutter': 50}",16384,16,1024
25.003906,"{'lambda_lines_2d': 10, 'lambda_points_line_2d': 20, 'lambda_clutter': 50}","{'lambda_lines_2d': 10, 'lambda_points_line_2d': 20, 'lambda_clutter': 50}",16384,16,2048
14.24707,"{'lambda_lines_2d': 10, 'lambda_points_line_2d': 20, 'lambda_clutter': 50}","{'lambda_lines_2d': 10, 'lambda_points_line_2d': 20, 'lambda_clutter': 50}",16384,16,4096
6.9941406,"{'lambda_lines_2d': 10, 'lambda_points_line_2d': 20, 'lambda_clutter': 50}","{'lambda_lines_2d': 10, 'lambda_points_line_2d': 20, 'lambda_clutter': 50}",16384,16,8192
3.9072266,"{'lambda_lines_2d': 10, 'lambda_points_line_2d': 20, 'lambda_clutter': 50}","{'lambda_lines_2d': 10, 'lambda_points_line_2d': 20, 'lambda_clutter': 50}",16384,16,16384
2.038086,"{'lambda_lines_2d': 10, 'lambda_points_line_2d': 20, 'lambda_clutter': 50}","{'lambda_lines_2d': 10, 'lambda_points_line_2d': 20, 'lambda_clutter': 50}",16384,16,32768
0.9550781,"{'lambda_lines_2d': 10, 'lambda_points_line_2d': 20, 'lambda_clutter': 50}","{'lambda_lines_2d': 10, 'lambda_points_line_2d': 20, 'lambda_clutter': 50}",16384,16,65536
842.79297,"{'lambda_lines_2d': 10, 'lambda_points_line_2d': 20, 'lambda_clutter': 50}","{'lambda_lines_2d': 10, 'lambda_points_line_2d': 20, 'lambda_clutter': 50}",16384,32,256
396.95117,"{'lambda_lines_2d': 10, 'lambda_points_line_2d': 20, 'lambda_clutter': 50}","{'lambda_lines_2d': 10, 'lambda_points_line_2d': 20, 'lambda_clutter': 50}",16384,32,512
183.875,"{'lambda_lines_2d': 10, 'lambda_points_line_2d': 20, 'lambda_clutter': 50}","{'lambda_lines_2d': 10, 'lambda_points_line_2d': 20, 'lambda_clutter': 50}",16384,32,1024
92.37109,"{'lambda_lines_2d': 10, 'lambda_points_line_2d': 20, 'lambda_clutter': 50}","{'lambda_lines_2d': 10, 'lambda_points_line_2d': 20, 'lambda_clutter': 50}",16384,32,2048
46.064453,"{'lambda_lines_2d': 10, 'lambda_points_line_2d': 20, 'lambda_clutter': 50}","{'lambda_lines_2d': 10, 'lambda_points_line_2d': 20, 'lambda_clutter': 50}",16384,32,4096
23.238281,"{'lambda_lines_2d': 10, 'lambda_points_line_2d': 20, 'lambda_clutter': 50}","{'lambda_lines_2d': 10, 'lambda_points_line_2d': 20, 'lambda_clutter': 50}",16384,32,8192
11.818359,"{'lambda_lines_2d': 10, 'lambda_points_line_2d': 20, 'lambda_clutter': 50}","{'lambda_lines_2d': 10, 'lambda_points_line_2d': 20, 'lambda_clutter': 50}",16384,32,16384
5.919922,"{'lambda_lines_2d': 10, 'lambda_points_line_2d': 20, 'lambda_clutter': 50}","{'lambda_lines_2d': 10, 'lambda_points_line_2d': 20, 'lambda_clutter': 50}",16384,32,32768
3.3359375,"{'lambda_lines_2d': 10, 'lambda_points_line_2d': 20, 'lambda_clutter': 50}","{'lambda_lines_2d': 10, 'lambda_points_line_2d': 20, 'lambda_clutter': 50}",16384,32,65536
1.4976807,"{'lambda_lines_2d': 10, 'lambda_points_line_2d': 20, 'lambda_clutter': 50}","{'lambda_lines_2d': 10, 'lambda_points_line_2d': 20, 'lambda_clutter': 50}",16384,2,256
1.458374,"{'lambda_lines_2d': 10, 'lambda_points_line_2d': 20, 'lambda_clutter': 50}","{'lambda_lines_2d': 10, 'lambda_points_line_2d': 20, 'lambda_clutter': 50}",16384,2,512
2.225586,"{'lambda_lines_2d': 10, 'lambda_points_line_2d': 20, 'lambda_clutter': 50}","{'lambda_lines_2d': 10, 'lambda_points_line_2d': 20, 'lambda_clutter': 50}",16384,2,1024
0.9770508,"{'lambda_lines_2d': 10, 'lambda_points_line_2d': 20, 'lambda_clutter': 50}","{'lambda_lines_2d': 10, 'lambda_points_line_2d': 20, 'lambda_clutter': 50}",16384,2,2048
0.50219727,"{'lambda_lines_2d': 10, 'lambda_points_line_2d': 20, 'lambda_clutter': 50}","{'lambda_lines_2d': 10, 'lambda_points_line_2d': 20, 'lambda_clutter': 50}",16384,2,4096
0.36315918,"{'lambda_lines_2d': 10, 'lambda_points_line_2d': 20, 'lambda_clutter': 50}","{'lambda_lines_2d': 10, 'lambda_points_line_2d': 20, 'lambda_clutter': 50}",16384,2,8192
0.107543945,"{'lambda_lines_2d': 10, 'lambda_points_line_2d': 20, 'lambda_clutter': 50}","{'lambda_lines_2d': 10, 'lambda_points_line_2d': 20, 'lambda_clutter': 50}",16384,2,16384
0.13464355,"{'lambda_lines_2d': 10, 'lambda_points_line_2d': 20, 'lambda_clutter': 50}","{'lambda_lines_2d': 10, 'lambda_points_line_2d': 20, 'lambda_clutter': 50}",16384,2,32768
0.0793457,"{'lambda_lines_2d': 10, 'lambda_points_line_2d': 20, 'lambda_clutter': 50}","{'lambda_lines_2d': 10, 'lambda_points_line_2d': 20, 'lambda_clutter': 50}",16384,2,65536
32.694824,"{'lambda_lines_2d': 10, 'lambda_points_line_2d': 20, 'lambda_clutter': 50}","{'lambda_lines_2d': 10, 'lambda_points_line_2d': 20, 'lambda_clutter': 50}",16384,4,256
18.271973,"{'lambda_lines_2d': 10, 'lambda_points_line_2d': 20, 'lambda_clutter': 50}","{'lambda_lines_2d': 10, 'lambda_points_line_2d': 20, 'lambda_clutter': 50}",16384,4,512
5.4296875,"{'lambda_lines_2d': 10, 'lambda_points_line_2d': 20, 'lambda_clutter': 50}","{'lambda_lines_2d': 10, 'lambda_points_line_2d': 20, 'lambda_clutter': 50}",16384,4,1024
3.0305176,"{'lambda_lines_2d': 10, 'lambda_points_line_2d': 20, 'lambda_clutter': 50}","{'lambda_lines_2d': 10, 'lambda_points_line_2d': 20, 'lambda_clutter': 50}",16384,4,2048
1.0983887,"{'lambda_lines_2d': 10, 'lambda_points_line_2d': 20, 'lambda_clutter': 50}","{'lambda_lines_2d': 10, 'lambda_points_line_2d': 20, 'lambda_clutter': 50}",16384,4,4096
0.7727051,"{'lambda_lines_2d': 10, 'lambda_points_line_2d': 20, 'lambda_clutter': 50}","{'lambda_lines_2d': 10, 'lambda_points_line_2d': 20, 'lambda_clutter': 50}",16384,4,8192
0.38867188,"{'lambda_lines_2d': 10, 'lambda_points_line_2d': 20, 'lambda_clutter': 50}","{'lambda_lines_2d': 10, 'lambda_points_line_2d': 20, 'lambda_clutter': 50}",16384,4,16384
0.115722656,"{'lambda_lines_2d': 10, 'lambda_points_line_2d': 20, 'lambda_clutter': 50}","{'lambda_lines_2d': 10, 'lambda_points_line_2d': 20, 'lambda_clutter': 50}",16384,4,32768
0.056152344,"{'lambda_lines_2d': 10, 'lambda_points_line_2d': 20, 'lambda_clutter': 50}","{'lambda_lines_2d': 10, 'lambda_points_line_2d': 20, 'lambda_clutter': 50}",16384,4,65536
84.61572,"{'lambda_lines_2d': 10, 'lambda_points_line_2d': 20, 'lambda_clutter': 50}","{'lambda_lines_2d': 10, 'lambda_points_line_2d': 20, 'lambda_clutter': 50}",16384,8,256
37.936523,"{'lambda_lines_2d': 10, 'lambda_points_line_2d': 20, 'lambda_clutter': 50}","{'lambda_lines_2d': 10, 'lambda_points_line_2d': 20, 'lambda_clutter': 50}",16384,8,512
20.052734,"{'lambda_lines_2d': 10, 'lambda_points_line_2d': 20, 'lambda_clutter': 50}","{'lambda_lines_2d': 10, 'lambda_points_line_2d': 20, 'lambda_clutter': 50}",16384,8,1024
9.825195,"{'lambda_lines_2d': 10, 'lambda_points_line_2d': 20, 'lambda_clutter': 50}","{'lambda_lines_2d': 10, 'lambda_points_line_2d': 20, 'lambda_clutter': 50}",16384,8,2048
2.871582,"{'lambda_lines_2d': 10, 'lambda_points_line_2d': 20, 'lambda_clutter': 50}","{'lambda_lines_2d': 10, 'lambda_points_line_2d': 20, 'lambda_clutter': 50}",16384,8,4096
1.5932617,"{'lambda_lines_2d': 10, 'lambda_points_line_2d': 20, 'lambda_clutter': 50}","{'lambda_lines_2d': 10, 'lambda_points_line_2d': 20, 'lambda_clutter': 50}",16384,8,8192
0.74609375,"{'lambda_lines_2d': 10, 'lambda_points_line_2d': 20, 'lambda_clutter': 50}","{'lambda_lines_2d': 10, 'lambda_points_line_2d': 20, 'lambda_clutter': 50}",16384,8,16384
0.5566406,"{'lambda_lines_2d': 10, 'lambda_points_line_2d': 20, 'lambda_clutter': 50}","{'lambda_lines_2d': 10, 'lambda_points_line_2d': 20, 'lambda_clutter': 50}",16384,8,32768
0.28515625,"{'lambda_lines_2d': 10, 'lambda_points_line_2d': 20, 'lambda_clutter': 50}","{'lambda_lines_2d': 10, 'lambda_points_line_2d': 20, 'lambda_clutter': 50}",16384,8,65536
211.625,"{'lambda_lines_2d': 10, 'lambda_points_line_2d': 20, 'lambda_clutter': 50}","{'lambda_lines_2d': 10, 'lambda_points_line_2d': 20, 'lambda_clutter': 50}",16384,16,256
105.52344,"{'lambda_lines_2d': 10, 'lambda_points_line_2d': 20, 'lambda_clutter': 50}","{'lambda_lines_2d': 10, 'lambda_points_line_2d': 20, 'lambda_clutter': 50}",16384,16,512
49.634766,"{'lambda_lines_2d': 10, 'lambda_points_line_2d': 20, 'lambda_clutter': 50}","{'lambda_lines_2d': 10, 'lambda_points_line_2d': 20, 'lambda_clutter': 50}",16384,16,1024
24.907227,"{'lambda_lines_2d': 10, 'lambda_points_line_2d': 20, 'lambda_clutter': 50}","{'lambda_lines_2d': 10, 'lambda_points_line_2d': 20, 'lambda_clutter': 50}",16384,16,2048
14.180664,"{'lambda_lines_2d': 10, 'lambda_points_line_2d': 20, 'lambda_clutter': 50}","{'lambda_lines_2d': 10, 'lambda_points_line_2d': 20, 'lambda_clutter': 50}",16384,16,4096
6.767578,"{'lambda_lines_2d': 10, 'lambda_points_line_2d': 20, 'lambda_clutter': 50}","{'lambda_lines_2d': 10, 'lambda_points_line_2d': 20, 'lambda_clutter': 50}",16384,16,8192
3.28125,"{'lambda_lines_2d': 10, 'lambda_points_line_2d': 20, 'lambda_clutter': 50}","{'lambda_lines_2d': 10, 'lambda_points_line_2d': 20, 'lambda_clutter': 50}",16384,16,16384
1.6757812,"{'lambda_lines_2d': 10, 'lambda_points_line_2d': 20, 'lambda_clutter': 50}","{'lambda_lines_2d': 10, 'lambda_points_line_2d': 20, 'lambda_clutter': 50}",16384,16,32768
0.8125,"{'lambda_lines_2d': 10, 'lambda_points_line_2d': 20, 'lambda_clutter': 50}","{'lambda_lines_2d': 10, 'lambda_points_line_2d': 20, 'lambda_clutter': 50}",16384,16,65536
638.58203,"{'lambda_lines_2d': 10, 'lambda_points_line_2d': 20, 'lambda_clutter': 50}","{'lambda_lines_2d': 10, 'lambda_points_line_2d': 20, 'lambda_clutter': 50}",16384,32,256
348.21484,"{'lambda_lines_2d': 10, 'lambda_points_line_2d': 20, 'lambda_clutter': 50}","{'lambda_lines_2d': 10, 'lambda_points_line_2d': 20, 'lambda_clutter': 50}",16384,32,512
171.01562,"{'lambda_lines_2d': 10, 'lambda_points_line_2d': 20, 'lambda_clutter': 50}","{'lambda_lines_2d': 10, 'lambda_points_line_2d': 20, 'lambda_clutter': 50}",16384,32,1024
94.18359,"{'lambda_lines_2d': 10, 'lambda_points_line_2d': 20, 'lambda_clutter': 50}","{'lambda_lines_2d': 10, 'lambda_points_line_2d': 20, 'lambda_clutter': 50}",16384,32,2048
48.08203,"{'lambda_lines_2d': 10, 'lambda_points_line_2d': 20, 'lambda_clutter': 50}","{'lambda_lines_2d': 10, 'lambda_points_line_2d': 20, 'lambda_clutter': 50}",16384,32,4096
24.71875,"{'lambda_lines_2d': 10, 'lambda_points_line_2d': 20, 'lambda_clutter': 50}","{'lambda_lines_2d': 10, 'lambda_points_line_2d': 20, 'lambda_clutter': 50}",16384,32,8192
12.638672,"{'lambda_lines_2d': 10, 'lambda_points_line_2d': 20, 'lambda_clutter': 50}","{'lambda_lines_2d': 10, 'lambda_points_line_2d': 20, 'lambda_clutter': 50}",16384,32,16384
5.9902344,"{'lambda_lines_2d': 10, 'lambda_points_line_2d': 20, 'lambda_clutter': 50}","{'lambda_lines_2d': 10, 'lambda_points_line_2d': 20, 'lambda_clutter': 50}",16384,32,32768
3.0292969,"{'lambda_lines_2d': 10, 'lambda_points_line_2d': 20, 'lambda_clutter': 50}","{'lambda_lines_2d': 10, 'lambda_points_line_2d': 20, 'lambda_clutter': 50}",16384,32,65536
2.6081543,"{'lambda_lines_2d': 10, 'lambda_points_line_2d': 20, 'lambda_clutter': 50}","{'lambda_lines_2d': 10, 'lambda_points_line_2d': 20, 'lambda_clutter': 50}",16384,2,256
4.350586,"{'lambda_lines_2d': 10, 'lambda_points_line_2d': 20, 'lambda_clutter': 50}","{'lambda_lines_2d': 10, 'lambda_points_line_2d': 20, 'lambda_clutter': 50}",16384,2,512
0.61486816,"{'lambda_lines_2d': 10, 'lambda_points_line_2d': 20, 'lambda_clutter': 50}","{'lambda_lines_2d': 10, 'lambda_points_line_2d': 20, 'lambda_clutter': 50}",16384,2,1024
0.6044922,"{'lambda_lines_2d': 10, 'lambda_points_line_2d': 20, 'lambda_clutter': 50}","{'lambda_lines_2d': 10, 'lambda_points_line_2d': 20, 'lambda_clutter': 50}",16384,2,2048
0.23071289,"{'lambda_lines_2d': 10, 'lambda_points_line_2d': 20, 'lambda_clutter': 50}","{'lambda_lines_2d': 10, 'lambda_points_line_2d': 20, 'lambda_clutter': 50}",16384,2,4096
0.122802734,"{'lambda_lines_2d': 10, 'lambda_points_line_2d': 20, 'lambda_clutter': 50}","{'lambda_lines_2d': 10, 'lambda_points_line_2d': 20, 'lambda_clutter': 50}",16384,2,8192
0.21191406,"{'lambda_lines_2d': 10, 'lambda_points_line_2d': 20, 'lambda_clutter': 50}","{'lambda_lines_2d': 10, 'lambda_points_line_2d': 20, 'lambda_clutter': 50}",16384,2,16384
0.1730957,"{'lambda_lines_2d': 10, 'lambda_points_line_2d': 20, 'lambda_clutter': 50}","{'lambda_lines_2d': 10, 'lambda_points_line_2d': 20, 'lambda_clutter': 50}",16384,2,32768
0.05908203,"{'lambda_lines_2d': 10, 'lambda_points_line_2d': 20, 'lambda_clutter': 50}","{'lambda_lines_2d': 10, 'lambda_points_line_2d': 20, 'lambda_clutter': 50}",16384,2,65536
28.158691,"{'lambda_lines_2d': 10, 'lambda_points_line_2d': 20, 'lambda_clutter': 50}","{'lambda_lines_2d': 10, 'lambda_points_line_2d': 20, 'lambda_clutter': 50}",16384,4,256
11.923096,"{'lambda_lines_2d': 10, 'lambda_points_line_2d': 20, 'lambda_clutter': 50}","{'lambda_lines_2d': 10, 'lambda_points_line_2d': 20, 'lambda_clutter': 50}",16384,4,512
6.5878906,"{'lambda_lines_2d': 10, 'lambda_points_line_2d': 20, 'lambda_clutter': 50}","{'lambda_lines_2d': 10, 'lambda_points_line_2d': 20, 'lambda_clutter': 50}",16384,4,1024
2.8955078,"{'lambda_lines_2d': 10, 'lambda_points_line_2d': 20, 'lambda_clutter': 50}","{'lambda_lines_2d': 10, 'lambda_points_line_2d': 20, 'lambda_clutter': 50}",16384,4,2048
1.2470703,"{'lambda_lines_2d': 10, 'lambda_points_line_2d': 20, 'lambda_clutter': 50}","{'lambda_lines_2d': 10, 'lambda_points_line_2d': 20, 'lambda_clutter': 50}",16384,4,4096
0.42919922,"{'lambda_lines_2d': 10, 'lambda_points_line_2d': 20, 'lambda_clutter': 50}","{'lambda_lines_2d': 10, 'lambda_points_line_2d': 20, 'lambda_clutter': 50}",16384,4,8192
0.31762695,"{'lambda_lines_2d': 10, 'lambda_points_line_2d': 20, 'lambda_clutter': 50}","{'lambda_lines_2d': 10, 'lambda_points_line_2d': 20, 'lambda_clutter': 50}",16384,4,16384
0.16821289,"{'lambda_lines_2d': 10, 'lambda_points_line_2d': 20, 'lambda_clutter': 50}","{'lambda_lines_2d': 10, 'lambda_points_line_2d': 20, 'lambda_clutter': 50}",16384,4,32768
0.09448242,"{'lambda_lines_2d': 10, 'lambda_points_line_2d': 20, 'lambda_clutter': 50}","{'lambda_lines_2d': 10, 'lambda_points_line_2d': 20, 'lambda_clutter': 50}",16384,4,65536
74.66748,"{'lambda_lines_2d': 10, 'lambda_points_line_2d': 20, 'lambda_clutter': 50}","{'lambda_lines_2d': 10, 'lambda_points_line_2d': 20, 'lambda_clutter': 50}",16384,8,256
39.799316,"{'lambda_lines_2d': 10, 'lambda_points_line_2d': 20, 'lambda_clutter': 50}","{'lambda_lines_2d': 10, 'lambda_points_line_2d': 20, 'lambda_clutter': 50}",16384,8,512
11.333008,"{'lambda_lines_2d': 10, 'lambda_points_line_2d': 20, 'lambda_clutter': 50}","{'lambda_lines_2d': 10, 'lambda_points_line_2d': 20, 'lambda_clutter': 50}",16384,8,1024
5.8378906,"{'lambda_lines_2d': 10, 'lambda_points_line_2d': 20, 'lambda_clutter': 50}","{'lambda_lines_2d': 10, 'lambda_points_line_2d': 20, 'lambda_clutter': 50}",16384,8,2048
4.729004,"{'lambda_lines_2d': 10, 'lambda_points_line_2d': 20, 'lambda_clutter': 50}","{'lambda_lines_2d': 10, 'lambda_points_line_2d': 20, 'lambda_clutter': 50}",16384,8,4096
1.4155273,"{'lambda_lines_2d': 10, 'lambda_points_line_2d': 20, 'lambda_clutter': 50}","{'lambda_lines_2d': 10, 'lambda_points_line_2d': 20, 'lambda_clutter': 50}",16384,8,8192
1.2021484,"{'lambda_lines_2d': 10, 'lambda_points_line_2d': 20, 'lambda_clutter': 50}","{'lambda_lines_2d': 10, 'lambda_points_line_2d': 20, 'lambda_clutter': 50}",16384,8,16384
0.7998047,"{'lambda_lines_2d': 10, 'lambda_points_line_2d': 20, 'lambda_clutter': 50}","{'lambda_lines_2d': 10, 'lambda_points_line_2d': 20, 'lambda_clutter': 50}",16384,8,32768
0.29345703,"{'lambda_lines_2d': 10, 'lambda_points_line_2d': 20, 'lambda_clutter': 50}","{'lambda_lines_2d': 10, 'lambda_points_line_2d': 20, 'lambda_clutter': 50}",16384,8,65536
246.83789,"{'lambda_lines_2d': 10, 'lambda_points_line_2d': 20, 'lambda_clutter': 50}","{'lambda_lines_2d': 10, 'lambda_points_line_2d': 20, 'lambda_clutter': 50}",16384,16,256
117.51758,"{'lambda_lines_2d': 10, 'lambda_points_line_2d': 20, 'lambda_clutter': 50}","{'lambda_lines_2d': 10, 'lambda_points_line_2d': 20, 'lambda_clutter': 50}",16384,16,512
61.154297,"{'lambda_lines_2d': 10, 'lambda_points_line_2d': 20, 'lambda_clutter': 50}","{'lambda_lines_2d': 10, 'lambda_points_line_2d': 20, 'lambda_clutter': 50}",16384,16,1024
22.535156,"{'lambda_lines_2d': 10, 'lambda_points_line_2d': 20, 'lambda_clutter': 50}","{'lambda_lines_2d': 10, 'lambda_points_line_2d': 20, 'lambda_clutter': 50}",16384,16,2048
12.533203,"{'lambda_lines_2d': 10, 'lambda_points_line_2d': 20, 'lambda_clutter': 50}","{'lambda_lines_2d': 10, 'lambda_points_line_2d': 20, 'lambda_clutter': 50}",16384,16,4096
6.4658203,"{'lambda_lines_2d': 10, 'lambda_points_line_2d': 20, 'lambda_clutter': 50}","{'lambda_lines_2d': 10, 'lambda_points_line_2d': 20, 'lambda_clutter': 50}",16384,16,8192
3.4472656,"{'lambda_lines_2d': 10, 'lambda_points_line_2d': 20, 'lambda_clutter': 50}","{'lambda_lines_2d': 10, 'lambda_points_line_2d': 20, 'lambda_clutter': 50}",16384,16,16384
1.5761719,"{'lambda_lines_2d': 10, 'lambda_points_line_2d': 20, 'lambda_clutter': 50}","{'lambda_lines_2d': 10, 'lambda_points_line_2d': 20, 'lambda_clutter': 50}",16384,16,32768
0.8095703,"{'lambda_lines_2d': 10, 'lambda_points_line_2d': 20, 'lambda_clutter': 50}","{'lambda_lines_2d': 10, 'lambda_points_line_2d': 20, 'lambda_clutter': 50}",16384,16,65536
794.1094,"{'lambda_lines_2d': 10, 'lambda_points_line_2d': 20, 'lambda_clutter': 50}","{'lambda_lines_2d': 10, 'lambda_points_line_2d': 20, 'lambda_clutter': 50}",16384,32,256
398.9707,"{'lambda_lines_2d': 10, 'lambda_points_line_2d': 20, 'lambda_clutter': 50}","{'lambda_lines_2d': 10, 'lambda_points_line_2d': 20, 'lambda_clutter': 50}",16384,32,512
210.3789,"{'lambda_lines_2d': 10, 'lambda_points_line_2d': 20, 'lambda_clutter': 50}","{'lambda_lines_2d': 10, 'lambda_points_line_2d': 20, 'lambda_clutter': 50}",16384,32,1024
97.041016,"{'lambda_lines_2d': 10, 'lambda_points_line_2d': 20, 'lambda_clutter': 50}","{'lambda_lines_2d': 10, 'lambda_points_line_2d': 20, 'lambda_clutter': 50}",16384,32,2048
46.984375,"{'lambda_lines_2d': 10, 'lambda_points_line_2d': 20, 'lambda_clutter': 50}","{'lambda_lines_2d': 10, 'lambda_points_line_2d': 20, 'lambda_clutter': 50}",16384,32,4096
22.292969,"{'lambda_lines_2d': 10, 'lambda_points_line_2d': 20, 'lambda_clutter': 50}","{'lambda_lines_2d': 10, 'lambda_points_line_2d': 20, 'lambda_clutter': 50}",16384,32,8192
11.888672,"{'lambda_lines_2d': 10, 'lambda_points_line_2d': 20, 'lambda_clutter': 50}","{'lambda_lines_2d': 10, 'lambda_points_line_2d': 20, 'lambda_clutter': 50}",16384,32,16384
6.654297,"{'lambda_lines_2d': 10, 'lambda_points_line_2d': 20, 'lambda_clutter': 50}","{'lambda_lines_2d': 10, 'lambda_points_line_2d': 20, 'lambda_clutter': 50}",16384,32,32768
3.5507812,"{'lambda_lines_2d': 10, 'lambda_points_line_2d': 20, 'lambda_clutter': 50}","{'lambda_lines_2d': 10, 'lambda_points_line_2d': 20, 'lambda_clutter': 50}",16384,32,65536
7.7666016,"{'lambda_lines_2d': 10, 'lambda_points_line_2d': 20, 'lambda_clutter': 50}","{'lambda_lines_2d': 10, 'lambda_points_line_2d': 20, 'lambda_clutter': 50}",16384,2,256
6.6256104,"{'lambda_lines_2d': 10, 'lambda_points_line_2d': 20, 'lambda_clutter': 50}","{'lambda_lines_2d': 10, 'lambda_points_line_2d': 20, 'lambda_clutter': 50}",16384,2,512
1.1774902,"{'lambda_lines_2d': 10, 'lambda_points_line_2d': 20, 'lambda_clutter': 50}","{'lambda_lines_2d': 10, 'lambda_points_line_2d': 20, 'lambda_clutter': 50}",16384,2,1024
0.72094727,"{'lambda_lines_2d': 10, 'lambda_points_line_2d': 20, 'lambda_clutter': 50}","{'lambda_lines_2d': 10, 'lambda_points_line_2d': 20, 'lambda_clutter': 50}",16384,2,2048
0.5854492,"{'lambda_lines_2d': 10, 'lambda_points_line_2d': 20, 'lambda_clutter': 50}","{'lambda_lines_2d': 10, 'lambda_points_line_2d': 20, 'lambda_clutter': 50}",16384,2,4096
0.3203125,"{'lambda_lines_2d': 10, 'lambda_points_line_2d': 20, 'lambda_clutter': 50}","{'lambda_lines_2d': 10, 'lambda_points_line_2d': 20, 'lambda_clutter': 50}",16384,2,8192
0.06750488,"{'lambda_lines_2d': 10, 'lambda_points_line_2d': 20, 'lambda_clutter': 50}","{'lambda_lines_2d': 10, 'lambda_points_line_2d': 20, 'lambda_clutter': 50}",16384,2,16384
0.006225586,"{'lambda_lines_2d': 10, 'lambda_points_line_2d': 20, 'lambda_clutter': 50}","{'lambda_lines_2d': 10, 'lambda_points_line_2d': 20, 'lambda_clutter': 50}",16384,2,32768
0.0021972656,"{'lambda_lines_2d': 10, 'lambda_points_line_2d': 20, 'lambda_clutter': 50}","{'lambda_lines_2d': 10, 'lambda_points_line_2d': 20, 'lambda_clutter': 50}",16384,2,65536
37.42285,"{'lambda_lines_2d': 10, 'lambda_points_line_2d': 20, 'lambda_clutter': 50}","{'lambda_lines_2d': 10, 'lambda_points_line_2d': 20, 'lambda_clutter': 50}",16384,4,256
17.051025,"{'lambda_lines_2d': 10, 'lambda_points_line_2d': 20, 'lambda_clutter': 50}","{'lambda_lines_2d': 10, 'lambda_points_line_2d': 20, 'lambda_clutter': 50}",16384,4,512
13.136963,"{'lambda_lines_2d': 10, 'lambda_points_line_2d': 20, 'lambda_clutter': 50}","{'lambda_lines_2d': 10, 'lambda_points_line_2d': 20, 'lambda_clutter': 50}",16384,4,1024
4.6381836,"{'lambda_lines_2d': 10, 'lambda_points_line_2d': 20, 'lambda_clutter': 50}","{'lambda_lines_2d': 10, 'lambda_points_line_2d': 20, 'lambda_clutter': 50}",16384,4,2048
2.8286133,"{'lambda_lines_2d': 10, 'lambda_points_line_2d': 20, 'lambda_clutter': 50}","{'lambda_lines_2d': 10, 'lambda_points_line_2d': 20, 'lambda_clutter': 50}",16384,4,4096
1.0090332,"{'lambda_lines_2d': 10, 'lambda_points_line_2d': 20, 'lambda_clutter': 50}","{'lambda_lines_2d': 10, 'lambda_points_line_2d': 20, 'lambda_clutter': 50}",16384,4,8192
0.1928711,"{'lambda_lines_2d': 10, 'lambda_points_line_2d': 20, 'lambda_clutter': 50}","{'lambda_lines_2d': 10, 'lambda_points_line_2d': 20, 'lambda_clutter': 50}",16384,4,16384
0.048095703,"{'lambda_lines_2d': 10, 'lambda_points_line_2d': 20, 'lambda_clutter': 50}","{'lambda_lines_2d': 10, 'lambda_points_line_2d': 20, 'lambda_clutter': 50}",16384,4,32768
0.072265625,"{'lambda_lines_2d': 10, 'lambda_points_line_2d': 20, 'lambda_clutter': 50}","{'lambda_lines_2d': 10, 'lambda_points_line_2d': 20, 'lambda_clutter': 50}",16384,4,65536
64.470215,"{'lambda_lines_2d': 10, 'lambda_points_line_2d': 20, 'lambda_clutter': 50}","{'lambda_lines_2d': 10, 'lambda_points_line_2d': 20, 'lambda_clutter': 50}",16384,8,256
46.14209,"{'lambda_lines_2d': 10, 'lambda_points_line_2d': 20, 'lambda_clutter': 50}","{'lambda_lines_2d': 10, 'lambda_points_line_2d': 20, 'lambda_clutter': 50}",16384,8,512
22.121582,"{'lambda_lines_2d': 10, 'lambda_points_line_2d': 20, 'lambda_clutter': 50}","{'lambda_lines_2d': 10, 'lambda_points_line_2d': 20, 'lambda_clutter': 50}",16384,8,1024
8.631836,"{'lambda_lines_2d': 10, 'lambda_points_line_2d': 20, 'lambda_clutter': 50}","{'lambda_lines_2d': 10, 'lambda_points_line_2d': 20, 'lambda_clutter': 50}",16384,8,2048
5.6435547,"{'lambda_lines_2d': 10, 'lambda_points_line_2d': 20, 'lambda_clutter': 50}","{'lambda_lines_2d': 10, 'lambda_points_line_2d': 20, 'lambda_clutter': 50}",16384,8,4096
2.9399414,"{'lambda_lines_2d': 10, 'lambda_points_line_2d': 20, 'lambda_clutter': 50}","{'lambda_lines_2d': 10, 'lambda_points_line_2d': 20, 'lambda_clutter': 50}",16384,8,8192
1.3691406,"{'lambda_lines_2d': 10, 'lambda_points_line_2d': 20, 'lambda_clutter': 50}","{'lambda_lines_2d': 10, 'lambda_points_line_2d': 20, 'lambda_clutter': 50}",16384,8,16384
0.88916016,"{'lambda_lines_2d': 10, 'lambda_points_line_2d': 20, 'lambda_clutter': 50}","{'lambda_lines_2d': 10, 'lambda_points_line_2d': 20, 'lambda_clutter': 50}",16384,8,32768
0.4711914,"{'lambda_lines_2d': 10, 'lambda_points_line_2d': 20, 'lambda_clutter': 50}","{'lambda_lines_2d': 10, 'lambda_points_line_2d': 20, 'lambda_clutter': 50}",16384,8,65536
230.45703,"{'lambda_lines_2d': 10, 'lambda_points_line_2d': 20, 'lambda_clutter': 50}","{'lambda_lines_2d': 10, 'lambda_points_line_2d': 20, 'lambda_clutter': 50}",16384,16,256
105.65918,"{'lambda_lines_2d': 10, 'lambda_points_line_2d': 20, 'lambda_clutter': 50}","{'lambda_lines_2d': 10, 'lambda_points_line_2d': 20, 'lambda_clutter': 50}",16384,16,512
45.29492,"{'lambda_lines_2d': 10, 'lambda_points_line_2d': 20, 'lambda_clutter': 50}","{'lambda_lines_2d': 10, 'lambda_points_line_2d': 20, 'lambda_clutter': 50}",16384,16,1024
23.472656,"{'lambda_lines_2d': 10, 'lambda_points_line_2d': 20, 'lambda_clutter': 50}","{'lambda_lines_2d': 10, 'lambda_points_line_2d': 20, 'lambda_clutter': 50}",16384,16,2048
12.202148,"{'lambda_lines_2d': 10, 'lambda_points_line_2d': 20, 'lambda_clutter': 50}","{'lambda_lines_2d': 10, 'lambda_points_line_2d': 20, 'lambda_clutter': 50}",16384,16,4096
5.791992,"{'lambda_lines_2d': 10, 'lambda_points_line_2d': 20, 'lambda_clutter': 50}","{'lambda_lines_2d': 10, 'lambda_points_line_2d': 20, 'lambda_clutter': 50}",16384,16,8192
3.3027344,"{'lambda_lines_2d': 10, 'lambda_points_line_2d': 20, 'lambda_clutter': 50}","{'lambda_lines_2d': 10, 'lambda_points_line_2d': 20, 'lambda_clutter': 50}",16384,16,16384
1.3632812,"{'lambda_lines_2d': 10, 'lambda_points_line_2d': 20, 'lambda_clutter': 50}","{'lambda_lines_2d': 10, 'lambda_points_line_2d': 20, 'lambda_clutter': 50}",16384,16,32768
0.8027344,"{'lambda_lines_2d': 10, 'lambda_points_line_2d': 20, 'lambda_clutter': 50}","{'lambda_lines_2d': 10, 'lambda_points_line_2d': 20, 'lambda_clutter': 50}",16384,16,65536
756.77344,"{'lambda_lines_2d': 10, 'lambda_points_line_2d': 20, 'lambda_clutter': 50}","{'lambda_lines_2d': 10, 'lambda_points_line_2d': 20, 'lambda_clutter': 50}",16384,32,256
425.0586,"{'lambda_lines_2d': 10, 'lambda_points_line_2d': 20, 'lambda_clutter': 50}","{'lambda_lines_2d': 10, 'lambda_points_line_2d': 20, 'lambda_clutter': 50}",16384,32,512
231.38281,"{'lambda_lines_2d': 10, 'lambda_points_line_2d': 20, 'lambda_clutter': 50}","{'lambda_lines_2d': 10, 'lambda_points_line_2d': 20, 'lambda_clutter': 50}",16384,32,1024
108.96094,"{'lambda_lines_2d': 10, 'lambda_points_line_2d': 20, 'lambda_clutter': 50}","{'lambda_lines_2d': 10, 'lambda_points_line_2d': 20, 'lambda_clutter': 50}",16384,32,2048
55.71875,"{'lambda_lines_2d': 10, 'lambda_points_line_2d': 20, 'lambda_clutter': 50}","{'lambda_lines_2d': 10, 'lambda_points_line_2d': 20, 'lambda_clutter': 50}",16384,32,4096
28.125,"{'lambda_lines_2d': 10, 'lambda_points_line_2d': 20, 'lambda_clutter': 50}","{'lambda_lines_2d': 10, 'lambda_points_line_2d': 20, 'lambda_clutter': 50}",16384,32,8192
15.748047,"{'lambda_lines_2d': 10, 'lambda_points_line_2d': 20, 'lambda_clutter': 50}","{'lambda_lines_2d': 10, 'lambda_points_line_2d': 20, 'lambda_clutter': 50}",16384,32,16384
7.2304688,"{'lambda_lines_2d': 10, 'lambda_points_line_2d': 20, 'lambda_clutter': 50}","{'lambda_lines_2d': 10, 'lambda_points_line_2d': 20, 'lambda_clutter': 50}",16384,32,32768
3.6660156,"{'lambda_lines_2d': 10, 'lambda_points_line_2d': 20, 'lambda_clutter': 50}","{'lambda_lines_2d': 10, 'lambda_points_line_2d': 20, 'lambda_clutter': 50}",16384,32,65536
